product_id,name,base_price,price_odd,price_even,inventory,pr_wage,s_kieng,s_nhl,s_nhn,s_gl,s_gn,s_dl,s_hau,s_lua,s_kt,s_oc,s_nhom,s_7f,s_2d,s_decal,mdf_odd,mdf_even,hp_odd,hp_even,hoanh,tg,lieng,size_id,status
830,Cẩn ốc 13,87700,1500,0,500,0,1,1,1,1,1,1,1,1,1,1,1,1,1,0,0,0,0,0,0,0,0,,1
831,Cẩn ốc 18,89700,2000,0,0,0,1,1,1,1,1,1,1,1,1,1,1,1,1,2,0,0,0,0,0,0,0,,1
832,Cẩn ốc 23,90700,3000,0,0,1000,1,1,1,1,1,1,1,1,1,1,1,1,1,2,0,0,0,0,0,0,0,,1
833,Cẩn ốc 25,90700,4000,0,0,1000,1,1,1,1,1,1,1,1,1,1,1,1,1,2,0,0,0,0,0,0,0,,1
834,Cẩn ốc 30,90700,5000,0,0,1000,1,1,1,1,1,1,1,1,1,1,1,1,1,2,0,0,0,0,0,0,0,,1
835,Cẩn ốc 35,90700,7000,0,0,1000,1,1,1,1,1,1,1,1,1,1,1,1,1,2,0,0,0,0,0,0,0,,1
836,Cẩn ốc 40 chữ,90700,8000,0,0,1000,1,1,1,1,1,1,1,1,1,1,1,1,1,2,0,0,0,0,0,0,0,,1
837,Cẩn ốc 40 rồng,90700,10000,0,0,1000,1,1,1,1,1,1,1,1,1,1,1,1,1,2,0,0,0,0,0,0,0,,1
838,Cẩn ốc 43,90700,12000,0,0,1000,1,1,1,1,1,1,1,1,1,1,1,1,1,2,0,0,0,0,0,0,0,,1
839,Cẩn ốc 48,90700,8000,0,0,1000,1,1,1,1,1,1,1,1,1,1,1,1,1,2,0,0,0,0,0,0,0,,1
840,Cẩn ốc 50 chữ,90700,12000,0,0,1000,1,1,1,1,1,1,1,1,1,1,1,1,1,2,0,0,0,0,0,0,0,,1
841,Cẩn ốc 50 rồng,90700,14000,0,0,1000,1,1,1,1,1,1,1,1,1,1,1,1,1,2,0,0,0,0,0,0,0,,1
842,Cẩn ốc 512,90700,16000,0,0,1000,1,1,1,1,1,1,1,1,1,1,1,1,1,2,0,0,0,0,0,0,0,,1
843,Cẩn ốc 60 chữ,90700,15000,0,0,1000,1,1,1,1,1,1,1,1,1,1,1,1,1,2,0,0,0,0,0,0,0,,1
844,Cẩn ốc 60 rồng,90700,25000,0,0,1000,1,1,1,1,1,1,1,1,1,1,1,1,1,2,0,0,0,0,0,0,0,,1
845,Cẩn ốc 70 chữ,90700,25000,0,0,1000,1,1,1,1,1,1,1,1,1,1,1,1,1,2,0,0,0,0,0,0,0,,1
846,Cẩn ốc 70 rồng,90700,30000,0,0,1000,1,1,1,1,1,1,1,1,1,1,1,1,1,2,0,0,0,0,0,0,0,,1
847,Táo R (13) ốc Nn,87700,22500,24000,0,0,1,1,1,1,1,1,1,1,1,1,1,1,1,0,0,0,0,0,0,0,0,,1
848,Bà cậu chữ (18) ốc Nn,87700,28000,29000,0,0,1,1,1,1,1,1,1,1,1,1,1,1,1,0,0,0,0,0,0,0,0,,1
849,Táo Chữ (13) ốc Nn,87700,22500,24000,0,0,1,1,1,1,1,1,1,1,1,1,1,1,1,0,0,0,0,0,0,0,0,,1
850,Táo Chữ (13) kt Nn,87700,17500,19000,0,0,1,1,1,1,1,1,1,1,1,1,1,1,1,0,0,0,0,0,0,0,0,,1
851,Táo Chữ (13) đc Nn,87700,17500,19000,0,0,1,1,1,1,1,1,1,1,1,1,1,1,1,0,0,0,0,0,0,0,0,,1
852,Táo Chữ (13) ốc Gn,87700,33000,34000,0,0,1,1,1,1,1,1,1,1,1,1,1,1,1,0,0,0,0,0,0,0,0,,1
853,Táo Chữ (13) kt Gn,87700,28000,29000,0,0,1,1,1,1,1,1,1,1,1,1,1,1,1,0,0,0,0,0,0,0,0,,1
854,Táo Chữ (13) đc Gn,87700,28000,29000,0,0,1,1,1,1,1,1,1,1,1,1,1,1,1,0,0,0,0,0,0,0,0,,1
855,Táo Chữ (18) ốc Nn,87700,28000,29000,0,0,1,1,1,1,1,1,1,1,1,1,1,1,1,0,0,0,0,0,0,0,0,,1
856,Táo Chữ (18) kt Nn,87700,22000,23000,0,0,1,1,1,1,1,1,1,1,1,1,1,1,1,0,0,0,0,0,0,0,0,,1
857,Táo Chữ (18) đc Nn,87700,22000,23000,0,0,1,1,1,1,1,1,1,1,1,1,1,1,1,0,0,0,0,0,0,0,0,,1
858,Táo Chữ (18) ốc Gn,87700,39000,40000,0,0,1,1,1,1,1,1,1,1,1,1,1,1,1,0,0,0,0,0,0,0,0,,1
859,Táo R (13) kt Nn,87700,17500,19000,0,0,1,1,1,1,1,1,1,1,1,1,1,1,1,0,0,0,0,0,0,0,0,,1
860,Bà cậu chữ (18) kt Nn,87700,22000,23000,0,0,1,1,1,1,1,1,1,1,1,1,1,1,1,0,0,0,0,0,0,0,0,,1
861,Táo Chữ (18) kt Gn,87700,33000,34000,0,0,1,1,1,1,1,1,1,1,1,1,1,1,1,0,0,0,0,0,0,0,0,,1
862,Táo Chữ (18) đc Gn,87700,33000,34000,0,0,1,1,1,1,1,1,1,1,1,1,1,1,1,0,0,0,0,0,0,0,0,,1
863,Táo Chữ (23) ốc Nn,87700,28000,29000,0,0,1,1,1,1,1,1,1,1,1,1,1,1,1,0,0,0,0,0,0,0,0,,1
864,Táo Chữ (23) kt Nn,87700,28000,29000,0,0,1,1,1,1,1,1,1,1,1,1,1,1,1,0,0,0,0,0,0,0,0,,1
865,Táo Chữ (23) đc Nn,87700,28000,29000,0,0,1,1,1,1,1,1,1,1,1,1,1,1,1,0,0,0,0,0,0,0,0,,1
866,Táo Chữ (23) ốc Gn,87700,49000,51000,0,0,1,1,1,1,1,1,1,1,1,1,1,1,1,0,0,0,0,0,0,0,0,,1
867,Táo Chữ (23) kt Gn,87700,40000,42000,0,0,1,1,1,1,1,1,1,1,1,1,1,1,1,0,0,0,0,0,0,0,0,,1
868,Táo Chữ (23) đc Gn,87700,40000,42000,0,0,1,1,1,1,1,1,1,1,1,1,1,1,1,0,0,0,0,0,0,0,0,,1
869,Táo R (13) đc Nn,87700,17500,19000,0,0,1,1,1,1,1,1,1,1,1,1,1,1,1,0,0,0,0,0,0,0,0,,1
870,Bà cậu chữ (18) đc Nn,87700,22000,23000,0,0,1,1,1,1,1,1,1,1,1,1,1,1,1,0,0,0,0,0,0,0,0,,1
871,Táo R (18) ốc Nn,87700,28000,29000,0,0,1,1,1,1,1,1,1,1,1,1,1,1,1,0,0,0,0,0,0,0,0,,1
872,Bà cậu chữ (23) ốc Nn,87700,37000,39000,0,0,1,1,1,1,1,1,1,1,1,1,1,1,1,0,0,0,0,0,0,0,0,,1
873,Táo R (18) kt Nn,87700,22000,23000,0,0,1,1,1,1,1,1,1,1,1,1,1,1,1,0,0,0,0,0,0,0,0,,1
874,Bà cậu chữ (23) kt Nn,87700,28000,29000,0,0,1,1,1,1,1,1,1,1,1,1,1,1,1,0,0,0,0,0,0,0,0,,1
875,Táo R (18) đc Nn,87700,22000,23000,0,0,1,1,1,1,1,1,1,1,1,1,1,1,1,0,0,0,0,0,0,0,0,,1
876,Bà cậu chữ (23) đc Nn,87700,28000,29000,0,0,1,1,1,1,1,1,1,1,1,1,1,1,1,0,0,0,0,0,0,0,0,,1
877,Táo R (23) ốc Nn,87700,37000,39000,0,0,1,1,1,1,1,1,1,1,1,1,1,1,1,0,0,0,0,0,0,0,0,,1
878,Táo R (23) kt Nn,87700,28000,29000,0,0,1,1,1,1,1,1,1,1,1,1,1,1,1,0,0,0,0,0,0,0,0,,1
879,Táo R (23) đc Nn,87700,28000,29000,0,0,1,1,1,1,1,1,1,1,1,1,1,1,1,0,0,0,0,0,0,0,0,,1
880,Bộ TL ốc (3) tàu N,89700,490000,500000,0,0,1,1,1,1,1,1,1,1,1,1,1,1,1,2,0,0,0,0,0,0,0,,1
881,Bộ TL ốc (4) việt N,89700,590000,600000,0,0,1,1,1,1,1,1,1,1,1,1,1,1,1,2,0,0,0,0,0,0,0,,1
882,Bộ TL ốc (4) tàu G,89700,680000,690000,0,0,1,1,1,1,1,1,1,1,1,1,1,1,1,2,0,0,0,0,0,0,0,,1
883,Bộ TL ốc (4) việt G,89700,680000,690000,0,0,1,1,1,1,1,1,1,1,1,1,1,1,1,2,0,0,0,0,0,0,0,,1
884,Bộ TL ốc L20 (4) tàu N,89700,660000,670000,0,0,1,1,1,1,1,1,1,1,1,1,1,1,1,2,0,0,0,0,0,0,0,,1
885,Bộ TL ốc L20 (4) việt N,89700,660000,670000,0,0,1,1,1,1,1,1,1,1,1,1,1,1,1,2,0,0,0,0,0,0,0,,1
886,Bộ TL ốc L20 (3) tàu N,89700,520000,530000,0,0,1,1,1,1,1,1,1,1,1,1,1,1,1,2,0,0,0,0,0,0,0,,1
887,Bộ TL ốc L20 (3) việt N,89700,520000,530000,0,0,1,1,1,1,1,1,1,1,1,1,1,1,1,2,0,0,0,0,0,0,0,,1
888,Bộ ốc cảnh (3) N,89700,490000,500000,0,0,1,1,1,1,1,1,1,1,1,1,1,1,1,2,0,0,0,0,0,0,0,,1
889,Bộ ốc cảnh (3) G,89700,560000,570000,0,0,1,1,1,1,1,1,1,1,1,1,1,1,1,2,0,0,0,0,0,0,0,,1
890,Bộ ốc L20 cảnh (3) N,89700,520000,530000,0,0,1,1,1,1,1,1,1,1,1,1,1,1,1,2,0,0,0,0,0,0,0,,1
891,Bộ TL ốc (3) việt N,89700,490000,500000,0,0,1,1,1,1,1,1,1,1,1,1,1,1,1,2,0,0,0,0,0,0,0,,1
892,Bộ ốc cảnh (4) N,89700,590000,600000,0,0,1,1,1,1,1,1,1,1,1,1,1,1,1,2,0,0,0,0,0,0,0,,1
893,Bộ ốc cảnh (4) G,89700,680000,690000,0,0,1,1,1,1,1,1,1,1,1,1,1,1,1,2,0,0,0,0,0,0,0,,1
894,Bộ ốc L20 cảnh (4) N,89700,660000,670000,0,0,1,1,1,1,1,1,1,1,1,1,1,1,1,2,0,0,0,0,0,0,0,,1
895,Bộ ghép ốc (20) cảnh N,89700,660000,670000,0,0,1,1,1,1,1,1,1,1,1,1,1,1,1,2,0,0,0,0,0,0,0,,1
896,Bộ ghép ốc (20) việt N,89700,660000,670000,0,0,1,1,1,1,1,1,1,1,1,1,1,1,1,2,0,0,0,0,0,0,0,,1
897,Bộ ghép ốc (20) tàu N,89700,660000,670000,0,0,1,1,1,1,1,1,1,1,1,1,1,1,1,2,0,0,0,0,0,0,0,,1
898,Bộ ghép kt (20) cảnh N,89700,660000,670000,0,0,1,1,1,1,1,1,1,1,1,1,1,1,1,2,0,0,0,0,0,0,0,,1
899,Bộ ghép kt (20) việt N,89700,550000,560000,0,0,1,1,1,1,1,1,1,1,1,1,1,1,1,2,0,0,0,0,0,0,0,,1
900,Bộ ghép kt (20) tàu N,89700,550000,560000,0,0,1,1,1,1,1,1,1,1,1,1,1,1,1,2,0,0,0,0,0,0,0,,1
901,Bộ ghép 2D (20) cảnh N,89700,540000,550000,0,0,1,1,1,1,1,1,1,1,1,1,1,1,1,2,0,0,0,0,0,0,0,,1
902,Bộ TL ốc (3) tàu G,89700,560000,570000,0,0,1,1,1,1,1,1,1,1,1,1,1,1,1,2,0,0,0,0,0,0,0,,1
903,Bộ ghép 2D (20) tàu N,89700,540000,550000,0,0,1,1,1,1,1,1,1,1,1,1,1,1,1,2,0,0,0,0,0,0,0,,1
904,Bộ ghép 2D (20) việt N,89700,540000,550000,0,0,1,1,1,1,1,1,1,1,1,1,1,1,1,2,0,0,0,0,0,0,0,,1
905,Bộ TL ốc (3) việt G,89700,560000,570000,0,0,1,1,1,1,1,1,1,1,1,1,1,1,1,2,0,0,0,0,0,0,0,,1
906,Bộ TL ốc (3) tàu ĐL,89700,560000,570000,0,0,1,1,1,1,1,1,1,1,1,1,1,1,1,2,0,0,0,0,0,0,0,,1
907,Bộ TL ốc (3) việt ĐL,89700,560000,570000,0,0,1,1,1,1,1,1,1,1,1,1,1,1,1,2,0,0,0,0,0,0,0,,1
908,Bộ TL ốc (3) tàu nhôm,89700,0,0,0,0,1,1,1,1,1,1,1,1,1,1,1,1,1,2,0,0,0,0,0,0,0,,1
909,Bộ nhôm sơn 2D việt (4),89700,600000,610000,0,0,1,1,1,1,1,1,1,1,1,1,1,1,1,2,0,0,0,0,0,0,0,,1
910,Bộ nhôm sơn 2D tàu (4),89700,600000,610000,0,0,1,1,1,1,1,1,1,1,1,1,1,1,1,2,0,0,0,0,0,0,0,,1
911,Bộ nhôm kt tàu (3),87700,540000,550000,0,0,1,1,1,1,1,1,1,1,1,1,1,1,1,0,0,0,0,0,0,0,0,,1
912,Bộ nhôm ốc tàu (4),87700,640000,650000,0,0,1,1,1,1,1,1,1,1,1,1,1,1,1,0,0,0,0,0,0,0,0,,1
913,Bộ nhôm ốc việt (4),87700,740000,750000,0,0,1,1,1,1,1,1,1,1,1,1,1,1,1,0,0,0,0,0,0,0,0,,1
914,Bộ nhôm ốc cảnh (4),87700,740000,750000,0,0,1,1,1,1,1,1,1,1,1,1,1,1,1,0,0,0,0,0,0,0,0,,1
915,Bộ nhôm sơn tàu (3),87700,540000,550000,0,0,1,1,1,1,1,1,1,1,1,1,1,1,1,0,0,0,0,0,0,0,0,,1
916,Bộ nhôm sơn cảnh (3),87700,540000,550000,0,0,1,1,1,1,1,1,1,1,1,1,1,1,1,0,0,0,0,0,0,0,0,,1
917,Bộ nhôm sơn tàu (4),87700,640000,650000,0,0,1,1,1,1,1,1,1,1,1,1,1,1,1,0,0,0,0,0,0,0,0,,1
918,Bộ nhôm sơn cảnh (4),87700,640000,650000,0,0,1,1,1,1,1,1,1,1,1,1,1,1,1,0,0,0,0,0,0,0,0,,1
919,Bộ nhôm sơn II tàu (3),87700,470000,480000,0,0,1,1,1,1,1,1,1,1,1,1,1,1,1,0,0,0,0,0,0,0,0,,1
920,Bộ nhôm sơn I tàu (3),87700,520000,530000,0,0,1,1,1,1,1,1,1,1,1,1,1,1,1,0,0,0,0,0,0,0,0,,1
921,Bộ nhôm sơn II tàu (4),87700,550000,560000,0,0,1,1,1,1,1,1,1,1,1,1,1,1,1,0,0,0,0,0,0,0,0,,1
922,Bộ nhôm kt việt (3),87700,540000,550000,0,0,1,1,1,1,1,1,1,1,1,1,1,1,1,0,0,0,0,0,0,0,0,,1
923,Bộ nhôm sơn I tàu (4),87700,610000,620000,0,0,1,1,1,1,1,1,1,1,1,1,1,1,1,0,0,0,0,0,0,0,0,,1
924,Bộ 1M3 tàu (3) G,87700,780000,790000,0,0,1,1,1,1,1,1,1,1,1,1,1,1,1,0,0,0,0,0,0,0,0,,1
925,Bộ 1M3 tàu (3) ĐL,87700,780000,790000,0,0,1,1,1,1,1,1,1,1,1,1,1,1,1,0,0,0,0,0,0,0,0,,1
926,Bộ 1M3 Việt (3) G,87700,780000,790000,0,0,1,1,1,1,1,1,1,1,1,1,1,1,1,0,0,0,0,0,0,0,0,,1
927,Bộ 1M3  việt (3) ĐL,87700,0,0,0,0,1,1,1,1,1,1,1,1,1,1,1,1,1,0,0,0,0,0,0,0,0,,1
928,Bộ 1M3 cảnh (3) G,87700,780000,790000,0,0,1,1,1,1,1,1,1,1,1,1,1,1,1,0,0,0,0,0,0,0,0,,1
929,Bộ 1M3  cảnh (3) ĐL,87700,0,0,0,0,1,1,1,1,1,1,1,1,1,1,1,1,1,0,0,0,0,0,0,0,0,,1
930,Bộ 1M3 mai (3) G,87700,780000,790000,0,0,1,1,1,1,1,1,1,1,1,1,1,1,1,0,0,0,0,0,0,0,0,,1
931,Bộ 1M3  mai (3) ĐL,87700,0,0,0,0,1,1,1,1,1,1,1,1,1,1,1,1,1,0,0,0,0,0,0,0,0,,1
932,Bộ 1M3 tàu (4) G,87700,950000,960000,0,0,1,1,1,1,1,1,1,1,1,1,1,1,1,0,0,0,0,0,0,0,0,,1
933,Bộ nhôm kt cảnh (3),87700,540000,550000,0,0,1,1,1,1,1,1,1,1,1,1,1,1,1,0,0,0,0,0,0,0,0,,1
934,Bộ 1M3 tàu (4) ĐL,87700,0,0,0,0,1,1,1,1,1,1,1,1,1,1,1,1,1,0,0,0,0,0,0,0,0,,1
935,Bộ 1M3 Việt (4) G,87700,950000,960000,0,0,1,1,1,1,1,1,1,1,1,1,1,1,1,0,0,0,0,0,0,0,0,,1
936,Bộ 1M3  việt (4) ĐL,87700,0,0,0,0,1,1,1,1,1,1,1,1,1,1,1,1,1,0,0,0,0,0,0,0,0,,1
937,Bộ 1M3 cảnh (4) G,87700,950000,950000,0,0,1,1,1,1,1,1,1,1,1,1,1,1,1,0,0,0,0,0,0,0,0,,1
938,Bộ 1M3  cảnh (4) ĐL,87700,0,0,0,0,1,1,1,1,1,1,1,1,1,1,1,1,1,0,0,0,0,0,0,0,0,,1
939,Bộ 1M3 mai (4) G,87700,950000,960000,0,0,1,1,1,1,1,1,1,1,1,1,1,1,1,0,0,0,0,0,0,0,0,,1
940,Bộ 1M3  mai (4) ĐL,87700,0,0,3,0,1,1,1,1,1,1,1,1,1,1,1,1,1,0,0,0,0,0,0,0,0,,1
941,Bộ TL kt (3) tàu N,89700,400000,410000,-13,0,1,1,1,1,1,1,1,1,1,1,1,1,1,2,0,0,0,0,0,0,0,,1
942,Bộ TL kt (3) việt N,89700,400000,410000,0,0,1,1,1,1,1,1,1,1,1,1,1,1,1,2,0,0,0,0,0,0,0,,1
943,Bộ TL kt (3) tàu G,89700,490000,500000,0,0,1,1,1,1,1,1,1,1,1,1,1,1,1,2,0,0,0,0,0,0,0,,1
944,Bộ nhôm kt tàu (4),89700,640000,650000,0,0,1,1,1,1,1,1,1,1,1,1,1,1,1,2,0,0,0,0,0,0,0,,1
945,Bộ TL kt (3) việt G,89700,490000,500000,-6,0,1,1,1,1,1,1,1,1,1,1,1,1,1,2,0,0,0,0,0,0,0,,1
946,Bộ TL kt (3) tàu ĐL,90700,460000,23000,-50,1000,1,1,1,1,1,1,1,1,1,1,1,1,1,2,0,0,0,0,0,0,0,,1
947,Bộ TL kt (3) việt ĐL,90700,460000,23000,-10,1000,1,1,1,1,1,1,1,1,1,1,1,1,1,2,0,0,0,0,0,0,0,,1
948,Bộ TL kt (3) tàu nhôm,89700,0,0,0,0,1,1,1,1,1,1,1,1,1,1,1,1,1,2,0,0,0,0,0,0,0,,1
949,Bộ TL kt (3) việt nhôm,89700,0,0,0,0,1,1,1,1,1,1,1,1,1,1,1,1,1,2,0,0,0,0,0,0,0,,1
950,Bộ TL kt (4) tàu N,89700,490000,500000,0,0,1,1,1,1,1,1,1,1,1,1,1,1,1,2,0,0,0,0,0,0,0,,1
951,Bộ TL kt (4) việt N,89700,490000,500000,0,0,1,1,1,1,1,1,1,1,1,1,1,1,1,2,0,0,0,0,0,0,0,,1
952,Bộ TL kt (4) tàu G,89700,590000,600000,0,0,1,1,1,1,1,1,1,1,1,1,1,1,1,2,0,0,0,0,0,0,0,,1
953,Bộ TL kt (4) việt G,89700,590000,600000,0,0,1,1,1,1,1,1,1,1,1,1,1,1,1,2,0,0,0,0,0,0,0,,1
954,Bộ TL kt (4) tàu ĐL,89700,0,0,0,0,1,1,1,1,1,1,1,1,1,1,1,1,1,2,0,0,0,0,0,0,0,,1
955,Bộ nhôm kt việt (4),90700,570000,23000,0,1000,1,1,1,1,1,1,1,1,1,1,1,1,1,2,0,0,0,0,0,0,0,,1
956,Bộ TL kt (4) việt ĐL,90700,570000,23000,-14,1000,1,1,1,1,1,1,1,1,1,1,1,1,1,2,0,0,0,0,0,0,0,,1
957,Bộ TL kt (4) tàu nhôm,89700,0,0,0,0,1,1,1,1,1,1,1,1,1,1,1,1,1,2,0,0,0,0,0,0,0,,1
958,Bộ TL kt (4) việt nhôm,89700,0,0,0,0,1,1,1,1,1,1,1,1,1,1,1,1,1,2,0,0,0,0,0,0,0,,1
959,Bộ kt cảnh (3) N,90700,390000,23000,0,1000,1,1,1,1,1,1,1,1,1,1,1,1,1,2,0,0,0,0,0,0,0,,1
960,Bộ kt cảnh (3) G,90700,460000,23000,0,1000,1,1,1,1,1,1,1,1,1,1,1,1,1,2,0,0,0,0,0,0,0,,1
961,Bộ kt cảnh (3) ĐL,90700,460000,23000,0,1000,1,1,1,1,1,1,1,1,1,1,1,1,1,2,0,0,0,0,0,0,0,,1
962,Bộ kt cảnh (4) N,90700,480000,23000,0,1000,1,1,1,1,1,1,1,1,1,1,1,1,1,2,0,0,0,0,0,0,0,,1
963,Bộ kt cảnh (4) G,90700,570000,23000,0,1000,1,1,1,1,1,1,1,1,1,1,1,1,1,2,0,0,0,0,0,0,0,,1
964,Bộ kt cảnh (4) ĐL,90700,570000,23000,0,1000,1,1,1,1,1,1,1,1,1,1,1,1,1,2,0,0,0,0,0,0,0,,1
965,Bộ TL kt xanh (3) việt N,90700,390000,23000,0,1000,1,1,1,1,1,1,1,1,1,1,1,1,1,2,0,0,0,0,0,0,0,,1
966,Bộ nhôm kt cảnh (4),90700,570000,23000,0,1000,1,1,1,1,1,1,1,1,1,1,1,1,1,2,0,0,0,0,0,0,0,,1
967,Bộ TL kt xanh (4) việt N,90700,390000,23000,0,1000,1,1,1,1,1,1,1,1,1,1,1,1,1,2,0,0,0,0,0,0,0,,1
968,Bộ ghép ốc tàu G,90700,970000,23000,0,1000,1,1,1,1,1,1,1,1,1,1,1,1,1,2,0,0,0,0,0,0,0,,1
969,Bộ ghép ốc việt G,90700,970000,23000,0,1000,1,1,1,1,1,1,1,1,1,1,1,1,1,2,0,0,0,0,0,0,0,,1
970,Bộ ghép ốc cảnh G,90700,970000,23000,0,1000,1,1,1,1,1,1,1,1,1,1,1,1,1,2,0,0,0,0,0,0,0,,1
971,Bộ ghép ốc mai G,90700,970000,23000,0,1000,1,1,1,1,1,1,1,1,1,1,1,1,1,2,0,0,0,0,0,0,0,,1
972,Bộ ghép ốc tàu G7P,90700,1280000,23000,0,1000,1,1,1,1,1,1,1,1,1,1,1,1,1,2,0,0,0,0,0,0,0,,1
973,Bộ ghép ốc việt G7P,90700,1280000,23000,0,1000,1,1,1,1,1,1,1,1,1,1,1,1,1,2,0,0,0,0,0,0,0,,1
974,Bộ ghép ốc cảnh G7P,90700,1280000,23000,0,1000,1,1,1,1,1,1,1,1,1,1,1,1,1,2,0,0,0,0,0,0,0,,1
975,Bộ ghép ốc mai G7P,90700,1280000,23000,0,1000,1,1,1,1,1,1,1,1,1,1,1,1,1,2,0,0,0,0,0,0,0,,1
976,Bộ cây I đổi (hậu giấy),90700,1280000,23000,0,1000,1,1,1,1,1,1,1,1,1,1,1,1,1,2,0,0,0,0,0,0,0,,1
977,Bộ nhôm ốc tàu (3),90700,600000,23000,0,1000,1,1,1,1,1,1,1,1,1,1,1,1,1,2,0,0,0,0,0,0,0,,1
978,Bộ cây I đổi (hậu mũ),90700,370000,23000,0,1000,1,1,1,1,1,1,1,1,1,1,1,1,1,2,0,0,0,0,0,0,0,,1
979,Bộ cây I mua (hậu giấy),90700,370000,23000,0,1000,1,1,1,1,1,1,1,1,1,1,1,1,1,2,0,0,0,0,0,0,0,,1
980,Bộ cây I mua (hậu mũ),90700,420000,23000,0,1000,1,1,1,1,1,1,1,1,1,1,1,1,1,2,0,0,0,0,0,0,0,,1
981,Bộ cây I mới (hậu giấy),90700,570000,23000,0,1000,1,1,1,1,1,1,1,1,1,1,1,1,1,2,0,0,0,0,0,0,0,,1
982,Bộ cây I mới (hậu mũ),90700,620000,23000,0,1000,1,1,1,1,1,1,1,1,1,1,1,1,1,2,0,0,0,0,0,0,0,,1
983,Bộ cây I đổi (catton),90700,370000,23000,0,1000,1,1,1,1,1,1,1,1,1,1,1,1,1,2,0,0,0,0,0,0,0,,1
984,Bộ cây I mua (catton),90700,420000,23000,0,1000,1,1,1,1,1,1,1,1,1,1,1,1,1,2,0,0,0,0,0,0,0,,1
985,Bộ nhôm 2D cảnh,90700,520000,23000,0,1000,1,1,1,1,1,1,1,1,1,1,1,1,1,2,0,0,0,0,0,0,0,,1
986,Bộ nhôm 2D tàu,90700,520000,23000,0,1000,1,1,1,1,1,1,1,1,1,1,1,1,1,2,0,0,0,0,0,0,0,,1
987,Bộ nhôm 2D việt,90700,520000,23000,0,1000,1,1,1,1,1,1,1,1,1,1,1,1,1,2,0,0,0,0,0,0,0,,1
988,Bộ nhôm ốc việt (3),90700,600000,23000,0,1000,1,1,1,1,1,1,1,1,1,1,1,1,1,2,0,0,0,0,0,0,0,,1
989,Bộ nhôm ốc cảnh (3),90700,600000,23000,0,1000,1,1,1,1,1,1,1,1,1,1,1,1,1,2,0,0,0,0,0,0,0,,1
990,Cẩn ốc B95,90700,35000,23000,0,1000,1,1,1,1,1,1,1,1,1,1,1,1,1,2,0,0,0,0,0,0,0,,1
991,Cẩn ốc BM3,90700,60000,23000,0,1000,1,1,1,1,1,1,1,1,1,1,1,1,1,2,0,0,0,0,0,0,0,,1
992,Cẩn ốc BM3 3D,87700,40000,0,0,0,1,1,1,1,1,1,1,1,1,1,1,1,1,0,0,0,0,0,0,0,0,,1
993,Cẩn ốc BM4,87700,50000,0,0,0,1,1,1,1,1,1,1,1,1,1,1,1,1,0,0,0,0,0,0,0,0,,1
994,Cẩn ốc BN,90700,75000,23000,0,1000,1,1,1,1,1,1,1,1,1,1,1,1,1,2,0,0,0,0,0,0,0,,1
995,Cẩn ốc BTL,90700,45000,23000,0,1000,1,1,1,1,1,1,1,1,1,1,1,1,1,2,0,0,0,0,0,0,0,,1
996,Cẩn ốc BTL 3D,87700,30000,0,0,0,1,1,1,1,1,1,1,1,1,1,1,1,1,0,0,0,0,0,0,0,0,,1
997,Tấm cảnh kt N,90700,240000,23000,0,1000,1,1,1,1,1,1,1,1,1,1,1,1,1,2,0,0,0,0,0,0,0,,1
998,Tấm cảnh kt xanh N,90700,240000,23000,0,1000,1,1,1,1,1,1,1,1,1,1,1,1,1,2,0,0,0,0,0,0,0,,1
999,Cao Huyền 35 ốc G,90700,130000,23000,0,1000,1,1,1,1,1,1,1,1,1,1,1,1,1,2,0,0,0,0,0,0,0,,1
1000,Tấm cảnh kt xanh G,90700,270000,23000,0,1000,1,1,1,1,1,1,1,1,1,1,1,1,1,2,0,0,0,0,0,0,0,,1
1001,Cao Huyền 40 kt G,90700,130000,23000,0,1000,1,1,1,1,1,1,1,1,1,1,1,1,1,2,0,0,0,0,0,0,0,,1
1002,Tấm cảnh kt xanh ĐL,90700,270000,23000,0,1000,1,1,1,1,1,1,1,1,1,1,1,1,1,2,0,0,0,0,0,0,0,,1
1003,Cao Huyền 40 ốc G,90700,150000,23000,0,1000,1,1,1,1,1,1,1,1,1,1,1,1,1,2,0,0,0,0,0,0,0,,1
1004,Tấm cảnh ốc N,90700,330000,23000,0,1000,1,1,1,1,1,1,1,1,1,1,1,1,1,2,0,0,0,0,0,0,0,,1
1005,Cao Huyền 50 kt G,90700,195000,23000,0,1000,1,1,1,1,1,1,1,1,1,1,1,1,1,2,0,0,0,0,0,0,0,,1
1006,Tấm cảnh ốc G,90700,360000,23000,0,1000,1,1,1,1,1,1,1,1,1,1,1,1,1,2,0,0,0,0,0,0,0,,1
1007,Cao Huyền 50 ốc G,90700,210000,23000,0,1000,1,1,1,1,1,1,1,1,1,1,1,1,1,2,0,0,0,0,0,0,0,,1
1008,Cao Huyền 30 kt G,90700,96000,23000,0,1000,1,1,1,1,1,1,1,1,1,1,1,1,1,2,0,0,0,0,0,0,0,,1
1009,Tấm cảnh ốc ĐL,90700,360000,23000,0,1000,1,1,1,1,1,1,1,1,1,1,1,1,1,2,0,0,0,0,0,0,0,,1
1010,Cao Huyền 6x9 kt G,90700,250000,23000,0,1000,1,1,1,1,1,1,1,1,1,1,1,1,1,2,0,0,0,0,0,0,0,,1
1011,Cao Huyền 6x9 ốc G,90700,300000,23000,0,1000,1,1,1,1,1,1,1,1,1,1,1,1,1,2,0,0,0,0,0,0,0,,1
1012,Cao Huyền 7x10 kt G,90700,280000,23000,0,1000,1,1,1,1,1,1,1,1,1,1,1,1,1,2,0,0,0,0,0,0,0,,1
1013,Cao Huyền 7x10 ốc G,90700,350000,23000,0,1000,1,1,1,1,1,1,1,1,1,1,1,1,1,2,0,0,0,0,0,0,0,,1
1014,Tấm cảnh kt G,90700,270000,23000,0,1000,1,1,1,1,1,1,1,1,1,1,1,1,1,2,0,0,0,0,0,0,0,,1
1015,Cao Huyền 30 ốc G,90700,106000,23000,0,1000,1,1,1,1,1,1,1,1,1,1,1,1,1,2,0,0,0,0,0,0,0,,1
1016,Tấm cảnh kt ĐL,90700,270000,23000,0,1000,1,1,1,1,1,1,1,1,1,1,1,1,1,2,0,0,0,0,0,0,0,,1
1017,Cao Huyền 35 kt G,90700,113000,23000,0,1000,1,1,1,1,1,1,1,1,1,1,1,1,1,2,0,0,0,0,0,0,0,,1
1018,3D (40x80) NV,90700,105000,23000,0,1000,1,1,1,1,1,1,1,1,1,1,1,1,1,2,0,0,0,0,0,0,0,,1
1019,3D (40x80) NĐ,90700,105000,23000,0,1000,1,1,1,1,1,1,1,1,1,1,1,1,1,2,0,0,0,0,0,0,0,,1
1020,Tđịa chữ (18) ốc Nn,90700,29000,23000,0,1000,1,1,1,1,1,1,1,1,1,1,1,1,1,2,0,0,0,0,0,0,0,,1
1021,3D (40x80) NV 01,90700,105000,23000,0,1000,1,1,1,1,1,1,1,1,1,1,1,1,1,2,0,0,0,0,0,0,0,,1
1022,Tđịa chữ (23) ốc Gn,90700,50000,23000,0,1000,1,1,1,1,1,1,1,1,1,1,1,1,1,2,0,0,0,0,0,0,0,,1
1023,3D (60x120) G,90700,250000,23000,0,1000,1,1,1,1,1,1,1,1,1,1,1,1,1,2,0,0,0,0,0,0,0,,1
1024,Tđịa chữ (23) kt Gn,90700,45000,23000,0,1000,1,1,1,1,1,1,1,1,1,1,1,1,1,2,0,0,0,0,0,0,0,,1
1025,Tđịa chữ (23) đc Gn,90700,45000,23000,0,1000,1,1,1,1,1,1,1,1,1,1,1,1,1,2,0,0,0,0,0,0,0,,1
1026,Tđịa chữ (25) ốc Nn,90700,44000,23000,0,1000,1,1,1,1,1,1,1,1,1,1,1,1,1,2,0,0,0,0,0,0,0,,1
1027,Tđịa chữ (25) kt Nn,90700,37000,23000,0,1000,1,1,1,1,1,1,1,1,1,1,1,1,1,2,0,0,0,0,0,0,0,,1
1028,Tđịa chữ (25) đc Nn,90700,37000,23000,0,1000,1,1,1,1,1,1,1,1,1,1,1,1,1,2,0,0,0,0,0,0,0,,1
1029,Tđịa chữ (25) ốc Gn,90700,57000,23000,0,1000,1,1,1,1,1,1,1,1,1,1,1,1,1,2,0,0,0,0,0,0,0,,1
1030,Tđịa chữ (25) kt Gn,90700,50000,23000,0,1000,1,1,1,1,1,1,1,1,1,1,1,1,1,2,0,0,0,0,0,0,0,,1
1031,Tđịa chữ (25) đc Gn,90700,50000,23000,0,1000,1,1,1,1,1,1,1,1,1,1,1,1,1,2,0,0,0,0,0,0,0,,1
1032,Tđịa chữ (30) ốc Nn,90700,54000,23000,0,1000,1,1,1,1,1,1,1,1,1,1,1,1,1,2,0,0,0,0,0,0,0,,1
1033,3D (50x100) NV,90700,150000,23000,0,1000,1,1,1,1,1,1,1,1,1,1,1,1,1,2,0,0,0,0,0,0,0,,1
1034,Tđịa chữ (18) kt Nn,90700,23500,23000,0,1000,1,1,1,1,1,1,1,1,1,1,1,1,1,2,0,0,0,0,0,0,0,,1
1035,Tđịa chữ (30) kt Nn,90700,45000,23000,0,1000,1,1,1,1,1,1,1,1,1,1,1,1,1,2,0,0,0,0,0,0,0,,1
1036,Tđịa chữ (30) đc Nn,90700,45000,23000,0,1000,1,1,1,1,1,1,1,1,1,1,1,1,1,2,0,0,0,0,0,0,0,,1
1037,Tđịa chữ (30) ốc Gn,90700,69000,23000,0,1000,1,1,1,1,1,1,1,1,1,1,1,1,1,2,0,0,0,0,0,0,0,,1
1038,Tđịa chữ (30) kt Gn,90700,60000,23000,0,1000,1,1,1,1,1,1,1,1,1,1,1,1,1,2,0,0,0,0,0,0,0,,1
1039,Tđịa chữ (30) đc Gn,90700,60000,23000,0,1000,1,1,1,1,1,1,1,1,1,1,1,1,1,2,0,0,0,0,0,0,0,,1
1040,Tđịa chữ (30) ốc N,90700,66000,23000,0,1000,1,1,1,1,1,1,1,1,1,1,1,1,1,2,0,0,0,0,0,0,0,,1
1041,Tđịa chữ (30) kt N,90700,57000,23000,0,1000,1,1,1,1,1,1,1,1,1,1,1,1,1,2,0,0,0,0,0,0,0,,1
1042,Tđịa chữ (30) đc N,90700,57000,23000,0,1000,1,1,1,1,1,1,1,1,1,1,1,1,1,2,0,0,0,0,0,0,0,,1
1043,Tđịa chữ (30) ốc G,90700,86000,23000,0,1000,1,1,1,1,1,1,1,1,1,1,1,1,1,2,0,0,0,0,0,0,0,,1
1044,Tđịa chữ (30) kt G,90700,76000,23000,0,1000,1,1,1,1,1,1,1,1,1,1,1,1,1,2,0,0,0,0,0,0,0,,1
1045,3D (50x100) NĐ,90700,150000,23000,0,1000,1,1,1,1,1,1,1,1,1,1,1,1,1,2,0,0,0,0,0,0,0,,1
1046,Tđịa chữ (18) đc Nn,90700,23500,23000,0,1000,1,1,1,1,1,1,1,1,1,1,1,1,1,2,0,0,0,0,0,0,0,,1
1047,Tđịa chữ (30) đc G,90700,76000,23000,0,1000,1,1,1,1,1,1,1,1,1,1,1,1,1,2,0,0,0,0,0,0,0,,1
1048,Tđịa chữ (35) ốc Nn,90700,72000,23000,0,1000,1,1,1,1,1,1,1,1,1,1,1,1,1,2,0,0,0,0,0,0,0,,1
1049,Tđịa chữ (35) kt Nn,90700,56000,23000,0,1000,1,1,1,1,1,1,1,1,1,1,1,1,1,2,0,0,0,0,0,0,0,,1
1050,Tđịa chữ (35) đc Nn,90700,56000,23000,0,1000,1,1,1,1,1,1,1,1,1,1,1,1,1,2,0,0,0,0,0,0,0,,1
1051,Tđịa chữ (35) ốc Gn,90700,91000,23000,0,1000,1,1,1,1,1,1,1,1,1,1,1,1,1,2,0,0,0,0,0,0,0,,1
1052,Tđịa chữ (35) kt Gn,90700,75000,23000,0,1000,1,1,1,1,1,1,1,1,1,1,1,1,1,2,0,0,0,0,0,0,0,,1
1053,Tđịa chữ (35) đc Gn,90700,75000,23000,0,1000,1,1,1,1,1,1,1,1,1,1,1,1,1,2,0,0,0,0,0,0,0,,1
1054,Tđịa chữ (35) ốc N,90700,87000,23000,0,1000,1,1,1,1,1,1,1,1,1,1,1,1,1,2,0,0,0,0,0,0,0,,1
1055,Tđịa chữ (35) kt N,90700,71000,23000,0,1000,1,1,1,1,1,1,1,1,1,1,1,1,1,2,0,0,0,0,0,0,0,,1
1056,Tđịa chữ (35) đc N,90700,71000,23000,0,1000,1,1,1,1,1,1,1,1,1,1,1,1,1,2,0,0,0,0,0,0,0,,1
1057,3D (60x120) NV,90700,230000,23000,0,1000,1,1,1,1,1,1,1,1,1,1,1,1,1,2,0,0,0,0,0,0,0,,1
1058,Tđịa chữ (18) ốc Gn,90700,39000,23000,0,1000,1,1,1,1,1,1,1,1,1,1,1,1,1,2,0,0,0,0,0,0,0,,1
1059,Tđịa chữ (35) ốc G,90700,110000,23000,0,1000,1,1,1,1,1,1,1,1,1,1,1,1,1,2,0,0,0,0,0,0,0,,1
1060,Tđịa chữ (35) kt G,90700,93000,23000,0,1000,1,1,1,1,1,1,1,1,1,1,1,1,1,2,0,0,0,0,0,0,0,,1
1061,Tđịa chữ (35) đc G,90700,93000,23000,0,1000,1,1,1,1,1,1,1,1,1,1,1,1,1,2,0,0,0,0,0,0,0,,1
1062,3D (60x120) NĐ,90700,230000,23000,0,1000,1,1,1,1,1,1,1,1,1,1,1,1,1,2,0,0,0,0,0,0,0,,1
1063,Tđịa chữ (18) kt Gn,90700,35000,23000,0,1000,1,1,1,1,1,1,1,1,1,1,1,1,1,2,0,0,0,0,0,0,0,,1
1064,3D (70x120) NV,90700,250000,23000,0,1000,1,1,1,1,1,1,1,1,1,1,1,1,1,2,0,0,0,0,0,0,0,,1
1065,Tđịa chữ (18) đc Gn,90700,35000,23000,0,1000,1,1,1,1,1,1,1,1,1,1,1,1,1,2,0,0,0,0,0,0,0,,1
1066,3D (70x120) G,90700,290000,23000,0,1000,1,1,1,1,1,1,1,1,1,1,1,1,1,2,0,0,0,0,0,0,0,,1
1067,Tđịa chữ (23) ốc Nn,90700,39000,23000,0,1000,1,1,1,1,1,1,1,1,1,1,1,1,1,2,0,0,0,0,0,0,0,,1
1068,3D (90x150) G,90700,480000,23000,0,1000,1,1,1,1,1,1,1,1,1,1,1,1,1,2,0,0,0,0,0,0,0,,1
1069,Tđịa chữ (23) kt Nn,90700,32000,23000,0,1000,1,1,1,1,1,1,1,1,1,1,1,1,1,2,0,0,0,0,0,0,0,,1
1070,3D (90x150) NV,90700,440000,23000,0,1000,1,1,1,1,1,1,1,1,1,1,1,1,1,2,0,0,0,0,0,0,0,,1
1071,Tđịa chữ (23) đc Nn,90700,32000,23000,0,1000,1,1,1,1,1,1,1,1,1,1,1,1,1,2,0,0,0,0,0,0,0,,1
1072,3D (18) Quan Âm Nn,90700,23500,23000,0,1000,1,1,1,1,1,1,1,1,1,1,1,1,1,2,0,0,0,0,0,0,0,,1
1073,Tđịa R (18) ốc Nn,90700,29000,23000,0,1000,1,1,1,1,1,1,1,1,1,1,1,1,1,2,0,0,0,0,0,0,0,,1
1074,3D (18)Tử Vi Nn,90700,23500,23000,0,1000,1,1,1,1,1,1,1,1,1,1,1,1,1,2,0,0,0,0,0,0,0,,1
1075,Tđịa R (23) ốc Gn,90700,50000,23000,0,1000,1,1,1,1,1,1,1,1,1,1,1,1,1,2,0,0,0,0,0,0,0,,1
1076,3D (18) Bà cởi voi Nn,90700,23500,23000,0,1000,1,1,1,1,1,1,1,1,1,1,1,1,1,2,0,0,0,0,0,0,0,,1
1077,Tđịa R (23) kt Gn,90700,45000,23000,0,1000,1,1,1,1,1,1,1,1,1,1,1,1,1,2,0,0,0,0,0,0,0,,1
1078,3D (18) Hư không tạng Nn,90700,23500,23000,0,1000,1,1,1,1,1,1,1,1,1,1,1,1,1,2,0,0,0,0,0,0,0,,1
1079,Tđịa R (23) đc Gn,90700,45000,23000,0,1000,1,1,1,1,1,1,1,1,1,1,1,1,1,2,0,0,0,0,0,0,0,,1
1080,3D (18) Thích ca Nn,90700,23500,23000,0,1000,1,1,1,1,1,1,1,1,1,1,1,1,1,2,0,0,0,0,0,0,0,,1
1081,Tđịa R (25) ốc Nn,90700,44000,23000,0,1000,1,1,1,1,1,1,1,1,1,1,1,1,1,2,0,0,0,0,0,0,0,,1
1082,3D (23) Quan Âm Nn,90700,32000,23000,0,1000,1,1,1,1,1,1,1,1,1,1,1,1,1,2,0,0,0,0,0,0,0,,1
1083,Tđịa R (25) kt Nn,90700,37000,23000,0,1000,1,1,1,1,1,1,1,1,1,1,1,1,1,2,0,0,0,0,0,0,0,,1
1084,3D (23) Thích ca Nn,90700,32000,23000,0,1000,1,1,1,1,1,1,1,1,1,1,1,1,1,2,0,0,0,0,0,0,0,,1
1085,Tđịa R (25) đc Nn,90700,37000,23000,0,1000,1,1,1,1,1,1,1,1,1,1,1,1,1,2,0,0,0,0,0,0,0,,1
1086,3D (23) QC 3 ông Nn,90700,32000,23000,0,1000,1,1,1,1,1,1,1,1,1,1,1,1,1,2,0,0,0,0,0,0,0,,1
1087,Tđịa R (25) ốc Gn,90700,57000,23000,0,1000,1,1,1,1,1,1,1,1,1,1,1,1,1,2,0,0,0,0,0,0,0,,1
1088,3D (23) QC 5 ông Nn,90700,32000,23000,0,1000,1,1,1,1,1,1,1,1,1,1,1,1,1,2,0,0,0,0,0,0,0,,1
1089,Tđịa R (25) kt Gn,90700,50000,23000,0,1000,1,1,1,1,1,1,1,1,1,1,1,1,1,2,0,0,0,0,0,0,0,,1
1090,3D (23) QC 1 ông Nn,90700,32000,23000,0,1000,1,1,1,1,1,1,1,1,1,1,1,1,1,2,0,0,0,0,0,0,0,,1
1091,Tđịa R (25) đc Gn,90700,50000,23000,0,1000,1,1,1,1,1,1,1,1,1,1,1,1,1,2,0,0,0,0,0,0,0,,1
1092,3D (23) Quan Bình Nn,90700,32000,23000,0,1000,1,1,1,1,1,1,1,1,1,1,1,1,1,2,0,0,0,0,0,0,0,,1
1093,Tđịa R (30) ốc Nn,90700,54000,23000,0,1000,1,1,1,1,1,1,1,1,1,1,1,1,1,2,0,0,0,0,0,0,0,,1
1094,3D (18) QC 3 ông Nn,90700,23500,23000,0,1000,1,1,1,1,1,1,1,1,1,1,1,1,1,2,0,0,0,0,0,0,0,,1
1095,Tđịa R (18) kt Nn,90700,23500,23000,0,1000,1,1,1,1,1,1,1,1,1,1,1,1,1,2,0,0,0,0,0,0,0,,1
1096,3D (23) Quan Vũ Nn,90700,32000,23000,0,1000,1,1,1,1,1,1,1,1,1,1,1,1,1,2,0,0,0,0,0,0,0,,1
1097,Tđịa R (30) kt Nn,90700,45000,23000,0,1000,1,1,1,1,1,1,1,1,1,1,1,1,1,2,0,0,0,0,0,0,0,,1
1098,3D (23) Quạt Khía Nn,90700,32000,23000,0,1000,1,1,1,1,1,1,1,1,1,1,1,1,1,2,0,0,0,0,0,0,0,,1
1099,Tđịa R (30) đc Nn,90700,45000,23000,0,1000,1,1,1,1,1,1,1,1,1,1,1,1,1,2,0,0,0,0,0,0,0,,1
1100,3D (23) Quạt tròn Nn,90700,32000,23000,0,1000,1,1,1,1,1,1,1,1,1,1,1,1,1,2,0,0,0,0,0,0,0,,1
1101,Tđịa R (30) ốc Gn,90700,69000,23000,0,1000,1,1,1,1,1,1,1,1,1,1,1,1,1,2,0,0,0,0,0,0,0,,1
1102,3D (23) Cậu Quý Nn,90700,32000,23000,0,1000,1,1,1,1,1,1,1,1,1,1,1,1,1,2,0,0,0,0,0,0,0,,1
1103,Tđịa R (30) kt Gn,90700,60000,23000,0,1000,1,1,1,1,1,1,1,1,1,1,1,1,1,2,0,0,0,0,0,0,0,,1
1104,3D (23)Tử Vi Nn,90700,32000,23000,0,1000,1,1,1,1,1,1,1,1,1,1,1,1,1,2,0,0,0,0,0,0,0,,1
1105,Tđịa R (30) đc Gn,90700,60000,23000,0,1000,1,1,1,1,1,1,1,1,1,1,1,1,1,2,0,0,0,0,0,0,0,,1
1106,3D (23) Bà cởi voi Nn,90700,32000,23000,0,1000,1,1,1,1,1,1,1,1,1,1,1,1,1,2,0,0,0,0,0,0,0,,1
1107,Tđịa R (30) ốc N,90700,66000,23000,0,1000,1,1,1,1,1,1,1,1,1,1,1,1,1,2,0,0,0,0,0,0,0,,1
1108,3D (23) Hư không tạng Nn,90700,32000,23000,0,1000,1,1,1,1,1,1,1,1,1,1,1,1,1,2,0,0,0,0,0,0,0,,1
1109,Tđịa R (30) kt N,90700,57000,23000,0,1000,1,1,1,1,1,1,1,1,1,1,1,1,1,2,0,0,0,0,0,0,0,,1
1110,3D (23) Quan Âm N,90700,42000,23000,0,1000,1,1,1,1,1,1,1,1,1,1,1,1,1,2,0,0,0,0,0,0,0,,1
1111,Tđịa R (30) đc N,90700,57000,23000,0,1000,1,1,1,1,1,1,1,1,1,1,1,1,1,2,0,0,0,0,0,0,0,,1
1112,3D (23) Thích ca N,90700,42000,23000,0,1000,1,1,1,1,1,1,1,1,1,1,1,1,1,2,0,0,0,0,0,0,0,,1
1113,Tđịa R (30) ốc G,90700,86000,23000,0,1000,1,1,1,1,1,1,1,1,1,1,1,1,1,2,0,0,0,0,0,0,0,,1
1114,3D (25) Quan Âm Nn,90700,37000,23000,0,1000,1,1,1,1,1,1,1,1,1,1,1,1,1,2,0,0,0,0,0,0,0,,1
1115,Tđịa R (30) kt G,90700,76000,23000,0,1000,1,1,1,1,1,1,1,1,1,1,1,1,1,2,0,0,0,0,0,0,0,,1
1116,3D (18) QC 5 ông Nn,90700,23500,23000,0,1000,1,1,1,1,1,1,1,1,1,1,1,1,1,2,0,0,0,0,0,0,0,,1
1117,Tđịa R (18) đc Nn,90700,23500,23000,0,1000,1,1,1,1,1,1,1,1,1,1,1,1,1,2,0,0,0,0,0,0,0,,1
1118,3D (25) Thích ca Nn,90700,37000,23000,0,1000,1,1,1,1,1,1,1,1,1,1,1,1,1,2,0,0,0,0,0,0,0,,1
1119,Tđịa R (30) đc G,90700,76000,23000,0,1000,1,1,1,1,1,1,1,1,1,1,1,1,1,2,0,0,0,0,0,0,0,,1
1120,3D (25) QC 3 ông Nn,90700,37000,23000,0,1000,1,1,1,1,1,1,1,1,1,1,1,1,1,2,0,0,0,0,0,0,0,,1
1121,Tđịa R (35) ốc Nn,90700,72000,23000,0,1000,1,1,1,1,1,1,1,1,1,1,1,1,1,2,0,0,0,0,0,0,0,,1
1122,3D (25) QC 5 ông Nn,90700,37000,23000,0,1000,1,1,1,1,1,1,1,1,1,1,1,1,1,2,0,0,0,0,0,0,0,,1
1123,Tđịa R (35) kt Nn,90700,56000,23000,0,1000,1,1,1,1,1,1,1,1,1,1,1,1,1,2,0,0,0,0,0,0,0,,1
1124,3D (25) QC 1 ông Nn,90700,37000,23000,0,1000,1,1,1,1,1,1,1,1,1,1,1,1,1,2,0,0,0,0,0,0,0,,1
1125,Tđịa R (35) đc Nn,90700,56000,23000,0,1000,1,1,1,1,1,1,1,1,1,1,1,1,1,2,0,0,0,0,0,0,0,,1
1126,3D (25) Quan Bình Nn,90700,37000,23000,0,1000,1,1,1,1,1,1,1,1,1,1,1,1,1,2,0,0,0,0,0,0,0,,1
1127,Tđịa R (35) ốc Gn,90700,91000,23000,0,1000,1,1,1,1,1,1,1,1,1,1,1,1,1,2,0,0,0,0,0,0,0,,1
1128,3D (25) Quan Vũ Nn,90700,37000,23000,0,1000,1,1,1,1,1,1,1,1,1,1,1,1,1,2,0,0,0,0,0,0,0,,1
1129,Tđịa R (35) kt Gn,90700,75000,23000,0,1000,1,1,1,1,1,1,1,1,1,1,1,1,1,2,0,0,0,0,0,0,0,,1
1130,3D (25) Quạt Khía Nn,90700,37000,23000,0,1000,1,1,1,1,1,1,1,1,1,1,1,1,1,2,0,0,0,0,0,0,0,,1
1131,Tđịa R (35) đc Gn,90700,75000,23000,0,1000,1,1,1,1,1,1,1,1,1,1,1,1,1,2,0,0,0,0,0,0,0,,1
1132,3D (25) Quạt tròn Nn,90700,37000,23000,0,1000,1,1,1,1,1,1,1,1,1,1,1,1,1,2,0,0,0,0,0,0,0,,1
1133,Tđịa R (35) ốc N,90700,87000,23000,0,1000,1,1,1,1,1,1,1,1,1,1,1,1,1,2,0,0,0,0,0,0,0,,1
1134,3D (25) Cậu Quý Nn,90700,37000,23000,0,1000,1,1,1,1,1,1,1,1,1,1,1,1,1,2,0,0,0,0,0,0,0,,1
1135,Tđịa R (35) kt N,90700,71000,23000,0,1000,1,1,1,1,1,1,1,1,1,1,1,1,1,2,0,0,0,0,0,0,0,,1
1136,3D (25)Tử Vi Nn,90700,37000,23000,0,1000,1,1,1,1,1,1,1,1,1,1,1,1,1,2,0,0,0,0,0,0,0,,1
1137,Tđịa R (35) đc N,90700,71000,23000,0,1000,1,1,1,1,1,1,1,1,1,1,1,1,1,2,0,0,0,0,0,0,0,,1
1138,3D (18) QC 1 ông Nn,90700,23500,23000,0,1000,1,1,1,1,1,1,1,1,1,1,1,1,1,2,0,0,0,0,0,0,0,,1
1139,Tđịa R (18) ốc Gn,90700,39000,23000,0,1000,1,1,1,1,1,1,1,1,1,1,1,1,1,2,0,0,0,0,0,0,0,,1
1140,3D (25) Bà cởi voi Nn,90700,37000,23000,0,1000,1,1,1,1,1,1,1,1,1,1,1,1,1,2,0,0,0,0,0,0,0,,1
1141,Tđịa R (35) ốc G,90700,110000,23000,0,1000,1,1,1,1,1,1,1,1,1,1,1,1,1,2,0,0,0,0,0,0,0,,1
1142,3D (25) Hư không tạng Nn,90700,37000,23000,0,1000,1,1,1,1,1,1,1,1,1,1,1,1,1,2,0,0,0,0,0,0,0,,1
1143,Tđịa R (35) kt G,90700,93000,23000,0,1000,1,1,1,1,1,1,1,1,1,1,1,1,1,2,0,0,0,0,0,0,0,,1
1144,3D (25) Quan Âm N,90700,48000,23000,0,1000,1,1,1,1,1,1,1,1,1,1,1,1,1,2,0,0,0,0,0,0,0,,1
1145,Tđịa R (35) đc G,90700,93000,23000,0,1000,1,1,1,1,1,1,1,1,1,1,1,1,1,2,0,0,0,0,0,0,0,,1
1146,3D (25) Thích ca N,90700,48000,23000,0,1000,1,1,1,1,1,1,1,1,1,1,1,1,1,2,0,0,0,0,0,0,0,,1
1147,Tđịa R (40) ốc N,90700,107000,23000,0,1000,1,1,1,1,1,1,1,1,1,1,1,1,1,2,0,0,0,0,0,0,0,,1
1148,3D (30) Quan Âm Nn,90700,45000,23000,0,1000,1,1,1,1,1,1,1,1,1,1,1,1,1,2,0,0,0,0,0,0,0,,1
1149,Tđịa R (40) kt N,90700,87000,23000,0,1000,1,1,1,1,1,1,1,1,1,1,1,1,1,2,0,0,0,0,0,0,0,,1
1150,3D (30) Thích ca Nn,90700,45000,23000,0,1000,1,1,1,1,1,1,1,1,1,1,1,1,1,2,0,0,0,0,0,0,0,,1
1151,Tđịa R (40) đc N,90700,87000,23000,0,1000,1,1,1,1,1,1,1,1,1,1,1,1,1,2,0,0,0,0,0,0,0,,1
1152,3D (30) Quan Âm N,90700,57000,23000,0,1000,1,1,1,1,1,1,1,1,1,1,1,1,1,2,0,0,0,0,0,0,0,,1
1153,3D (30) Thích ca N,90700,57000,23000,0,1000,1,1,1,1,1,1,1,1,1,1,1,1,1,2,0,0,0,0,0,0,0,,1
1154,3D (30) Tam thế N,90700,57000,23000,0,1000,1,1,1,1,1,1,1,1,1,1,1,1,1,2,0,0,0,0,0,0,0,,1
1155,3D (35) Quan Âm N,90700,71000,23000,0,1000,1,1,1,1,1,1,1,1,1,1,1,1,1,2,0,0,0,0,0,0,0,,1
1156,3D (18) Quan Bình Nn,90700,23500,23000,0,1000,1,1,1,1,1,1,1,1,1,1,1,1,1,2,0,0,0,0,0,0,0,,1
1157,Tđịa R (18) kt Gn,90700,35000,23000,0,1000,1,1,1,1,1,1,1,1,1,1,1,1,1,2,0,0,0,0,0,0,0,,1
1158,3D (35) Thích ca N,90700,71000,23000,0,1000,1,1,1,1,1,1,1,1,1,1,1,1,1,2,0,0,0,0,0,0,0,,1
1159,3D (35) Tam thế N,90700,71000,23000,0,1000,1,1,1,1,1,1,1,1,1,1,1,1,1,2,0,0,0,0,0,0,0,,1
1160,3D (40) Quan Âm N,90700,87000,23000,0,1000,1,1,1,1,1,1,1,1,1,1,1,1,1,2,0,0,0,0,0,0,0,,1
1161,3D (40) Thích ca N,90700,87000,23000,0,1000,1,1,1,1,1,1,1,1,1,1,1,1,1,2,0,0,0,0,0,0,0,,1
1162,3D (40) Tam thế N,90700,87000,23000,0,1000,1,1,1,1,1,1,1,1,1,1,1,1,1,2,0,0,0,0,0,0,0,,1
1163,3D (23) A Di Đà Nn,90700,32000,23000,0,1000,1,1,1,1,1,1,1,1,1,1,1,1,1,2,0,0,0,0,0,0,0,,1
1164,3D (25) A Di Đà Nn,90700,37000,23000,0,1000,1,1,1,1,1,1,1,1,1,1,1,1,1,2,0,0,0,0,0,0,0,,1
1165,3D (18) Quan Vũ Nn,90700,23500,23000,0,1000,1,1,1,1,1,1,1,1,1,1,1,1,1,2,0,0,0,0,0,0,0,,1
1166,Tđịa R (18) đc Gn,90700,35000,23000,0,1000,1,1,1,1,1,1,1,1,1,1,1,1,1,2,0,0,0,0,0,0,0,,1
1167,3D (18) Quạt Khía Nn,90700,23500,23000,0,1000,1,1,1,1,1,1,1,1,1,1,1,1,1,2,0,0,0,0,0,0,0,,1
1168,Tđịa R (23) ốc Nn,90700,39000,23000,0,1000,1,1,1,1,1,1,1,1,1,1,1,1,1,2,0,0,0,0,0,0,0,,1
1169,3D (18) Quạt tròn Nn,90700,23500,23000,0,1000,1,1,1,1,1,1,1,1,1,1,1,1,1,2,0,0,0,0,0,0,0,,1
1170,Tđịa R (23) kt Nn,90700,32000,23000,0,1000,1,1,1,1,1,1,1,1,1,1,1,1,1,2,0,0,0,0,0,0,0,,1
1171,3D (18) Cậu Quý Nn,90700,23500,23000,0,1000,1,1,1,1,1,1,1,1,1,1,1,1,1,2,0,0,0,0,0,0,0,,1
1172,Tđịa R (23) đc Nn,90700,32000,23000,0,1000,1,1,1,1,1,1,1,1,1,1,1,1,1,2,0,0,0,0,0,0,0,,1
1173,Cẩn ốc TGM3,87700,40000,0,0,0,1,1,1,1,1,1,1,1,1,1,1,1,1,0,0,0,0,0,0,0,0,,1
1174,Cẩn ốc TGM3 3D,87700,0,0,0,0,1,1,1,1,1,1,1,1,1,1,1,1,1,0,0,0,0,0,0,0,0,,1
1175,Cẩn ốc TGM3 cảnh,90700,30000,23000,0,1000,1,1,1,1,1,1,1,1,1,1,1,1,1,2,0,0,0,0,0,0,0,,1
1176,Cẩn ốc TGM3 rồng,90700,30000,23000,0,1000,1,1,1,1,1,1,1,1,1,1,1,1,1,2,0,0,0,0,0,0,0,,1
1177,Cẩn ốc TGTL,90700,25000,23000,0,1000,1,1,1,1,1,1,1,1,1,1,1,1,1,2,0,0,0,0,0,0,0,,1
1178,CH chữ (18) kt việt Nn,90700,30000,23000,0,1000,1,1,1,1,1,1,1,1,1,1,1,1,1,2,0,0,0,0,0,0,0,,1
1179,CH chữ (18) ốc việt Nn,90700,30000,23000,0,1000,1,1,1,1,1,1,1,1,1,1,1,1,1,2,0,0,0,0,0,0,0,,1
1180,CH chữ (23) kt việt Nn,90700,32000,23000,0,1000,1,1,1,1,1,1,1,1,1,1,1,1,1,2,0,0,0,0,0,0,0,,1
1181,CH chữ (23) ốc tàu Gn,90700,50000,23000,0,1000,1,1,1,1,1,1,1,1,1,1,1,1,1,2,0,0,0,0,0,0,0,,1
1182,CH chữ (60) ốc tàu G,90700,270000,23000,0,1000,1,1,1,1,1,1,1,1,1,1,1,1,1,2,0,0,0,0,0,0,0,,1
1183,CH chữ (70) kt tàu N,90700,220000,23000,0,1000,1,1,1,1,1,1,1,1,1,1,1,1,1,2,0,0,0,0,0,0,0,,1
1184,CH chữ (70) ốc tàu N,90700,290000,23000,0,1000,1,1,1,1,1,1,1,1,1,1,1,1,1,2,0,0,0,0,0,0,0,,1
1185,CH chữ (70) kt tàu G,90700,250000,23000,0,1000,1,1,1,1,1,1,1,1,1,1,1,1,1,2,0,0,0,0,0,0,0,,1
1186,CH chữ (70) ốc tàu G,90700,320000,23000,0,1000,1,1,1,1,1,1,1,1,1,1,1,1,1,2,0,0,0,0,0,0,0,,1
1187,CH chữ (23) đc việt Gn,90700,45000,23000,0,1000,1,1,1,1,1,1,1,1,1,1,1,1,1,2,0,0,0,0,0,0,0,,1
1188,CH chữ (23) đc tàu Gn,90700,45000,23000,0,1000,1,1,1,1,1,1,1,1,1,1,1,1,1,2,0,0,0,0,0,0,0,,1
1189,CH chữ (25) kt việt Nn,90700,37000,23000,0,1000,1,1,1,1,1,1,1,1,1,1,1,1,1,2,0,0,0,0,0,0,0,,1
1190,CH chữ (25) kt tàu Nn,90700,37000,23000,0,1000,1,1,1,1,1,1,1,1,1,1,1,1,1,2,0,0,0,0,0,0,0,,1
1191,CH chữ (25) ốc việt Nn,90700,44000,23000,0,1000,1,1,1,1,1,1,1,1,1,1,1,1,1,2,0,0,0,0,0,0,0,,1
1192,CH chữ (25) ốc tàu Nn,90700,44000,23000,0,1000,1,1,1,1,1,1,1,1,1,1,1,1,1,2,0,0,0,0,0,0,0,,1
1193,CH chữ (25) đc việt Nn,90700,37000,23000,0,1000,1,1,1,1,1,1,1,1,1,1,1,1,1,2,0,0,0,0,0,0,0,,1
1194,CH chữ (25) đc tàu Nn,90700,37000,23000,0,1000,1,1,1,1,1,1,1,1,1,1,1,1,1,2,0,0,0,0,0,0,0,,1
1195,CH chữ (25) kt việt Gn,90700,50000,23000,0,1000,1,1,1,1,1,1,1,1,1,1,1,1,1,2,0,0,0,0,0,0,0,,1
1196,CH chữ (23) kt tàu Nn,90700,32000,23000,0,1000,1,1,1,1,1,1,1,1,1,1,1,1,1,2,0,0,0,0,0,0,0,,1
1197,CH chữ (25) kt tàu Gn,90700,50000,23000,0,1000,1,1,1,1,1,1,1,1,1,1,1,1,1,2,0,0,0,0,0,0,0,,1
1198,CH chữ (25) ốc việt Gn,90700,57000,23000,0,1000,1,1,1,1,1,1,1,1,1,1,1,1,1,2,0,0,0,0,0,0,0,,1
1199,CH chữ (25) ốc tàu Gn,90700,57000,23000,0,1000,1,1,1,1,1,1,1,1,1,1,1,1,1,2,0,0,0,0,0,0,0,,1
1200,CH chữ (25) đc việt Gn,90700,50000,23000,0,1000,1,1,1,1,1,1,1,1,1,1,1,1,1,2,0,0,0,0,0,0,0,,1
1201,CH chữ (25) đc tàu Gn,90700,50000,23000,0,1000,1,1,1,1,1,1,1,1,1,1,1,1,1,2,0,0,0,0,0,0,0,,1
1202,CH chữ (30) kt việt Nn,90700,45000,23000,0,1000,1,1,1,1,1,1,1,1,1,1,1,1,1,2,0,0,0,0,0,0,0,,1
1203,CH chữ (30) kt tàu Nn,90700,45000,23000,0,1000,1,1,1,1,1,1,1,1,1,1,1,1,1,2,0,0,0,0,0,0,0,,1
1204,CH chữ (30) ốc việt Nn,90700,54000,23000,0,1000,1,1,1,1,1,1,1,1,1,1,1,1,1,2,0,0,0,0,0,0,0,,1
1205,CH chữ (30) ốc tàu Nn,90700,54000,23000,0,1000,1,1,1,1,1,1,1,1,1,1,1,1,1,2,0,0,0,0,0,0,0,,1
1206,CH chữ (30) đc việt Nn,90700,45000,23000,0,1000,1,1,1,1,1,1,1,1,1,1,1,1,1,2,0,0,0,0,0,0,0,,1
1207,CH chữ (23) ốc việt Nn,90700,39000,23000,0,1000,1,1,1,1,1,1,1,1,1,1,1,1,1,2,0,0,0,0,0,0,0,,1
1208,CH chữ (30) đc tàu Nn,90700,45000,23000,0,1000,1,1,1,1,1,1,1,1,1,1,1,1,1,2,0,0,0,0,0,0,0,,1
1209,CH chữ (30) kt việt Gn,90700,60000,23000,0,1000,1,1,1,1,1,1,1,1,1,1,1,1,1,2,0,0,0,0,0,0,0,,1
1210,CH chữ (30) kt tàu Gn,90700,60000,23000,0,1000,1,1,1,1,1,1,1,1,1,1,1,1,1,2,0,0,0,0,0,0,0,,1
1211,CH chữ (30) ốc việt Gn,90700,69000,23000,0,1000,1,1,1,1,1,1,1,1,1,1,1,1,1,2,0,0,0,0,0,0,0,,1
1212,CH chữ (30) ốc tàu Gn,90700,69000,23000,0,1000,1,1,1,1,1,1,1,1,1,1,1,1,1,2,0,0,0,0,0,0,0,,1
1213,CH chữ (30) đc việt Gn,90700,60000,23000,0,1000,1,1,1,1,1,1,1,1,1,1,1,1,1,2,0,0,0,0,0,0,0,,1
1214,CH chữ (30) đc tàu Gn,90700,60000,23000,0,1000,1,1,1,1,1,1,1,1,1,1,1,1,1,2,0,0,0,0,0,0,0,,1
1215,CH chữ (30) kt việt N,90700,57000,23000,0,1000,1,1,1,1,1,1,1,1,1,1,1,1,1,2,0,0,0,0,0,0,0,,1
1216,CH chữ (30) kt tàu N,90700,57000,23000,0,1000,1,1,1,1,1,1,1,1,1,1,1,1,1,2,0,0,0,0,0,0,0,,1
1217,CH chữ (30) ốc việt N,90700,66000,23000,0,1000,1,1,1,1,1,1,1,1,1,1,1,1,1,2,0,0,0,0,0,0,0,,1
1218,CH chữ (23) ốc tàu Nn,90700,39000,23000,0,1000,1,1,1,1,1,1,1,1,1,1,1,1,1,2,0,0,0,0,0,0,0,,1
1219,CH chữ (30) ốc tàu N,90700,66000,23000,0,1000,1,1,1,1,1,1,1,1,1,1,1,1,1,2,0,0,0,0,0,0,0,,1
1220,CH chữ (30) đc việt N,90700,57000,23000,0,1000,1,1,1,1,1,1,1,1,1,1,1,1,1,2,0,0,0,0,0,0,0,,1
1221,CH chữ (30) đc tàu N,90700,57000,23000,0,1000,1,1,1,1,1,1,1,1,1,1,1,1,1,2,0,0,0,0,0,0,0,,1
1222,CH chữ (30) kt việt G,90700,76000,23000,0,1000,1,1,1,1,1,1,1,1,1,1,1,1,1,2,0,0,0,0,0,0,0,,1
1223,CH chữ (30) kt tàu G,90700,76000,23000,0,1000,1,1,1,1,1,1,1,1,1,1,1,1,1,2,0,0,0,0,0,0,0,,1
1224,CH chữ (30) ốc việt G,90700,86000,23000,0,1000,1,1,1,1,1,1,1,1,1,1,1,1,1,2,0,0,0,0,0,0,0,,1
1225,CH chữ (30) ốc tàu G,90700,86000,23000,0,1000,1,1,1,1,1,1,1,1,1,1,1,1,1,2,0,0,0,0,0,0,0,,1
1226,CH chữ (30) đc việt G,90700,76000,23000,0,1000,1,1,1,1,1,1,1,1,1,1,1,1,1,2,0,0,0,0,0,0,0,,1
1227,CH chữ (30) đc tàu G,90700,76000,23000,0,1000,1,1,1,1,1,1,1,1,1,1,1,1,1,2,0,0,0,0,0,0,0,,1
1228,CH chữ (35) kt việt Nn,90700,56000,23000,0,1000,1,1,1,1,1,1,1,1,1,1,1,1,1,2,0,0,0,0,0,0,0,,1
1229,CH chữ (23) đc việt Nn,90700,32000,23000,0,1000,1,1,1,1,1,1,1,1,1,1,1,1,1,2,0,0,0,0,0,0,0,,1
1230,CH chữ (35) kt tàu Nn,90700,56000,23000,0,1000,1,1,1,1,1,1,1,1,1,1,1,1,1,2,0,0,0,0,0,0,0,,1
1231,CH chữ (35) ốc việt Nn,90700,72000,23000,0,1000,1,1,1,1,1,1,1,1,1,1,1,1,1,2,0,0,0,0,0,0,0,,1
1232,CH chữ (35) ốc tàu Nn,90700,72000,23000,0,1000,1,1,1,1,1,1,1,1,1,1,1,1,1,2,0,0,0,0,0,0,0,,1
1233,CH chữ (35) đc việt Nn,90700,56000,23000,0,1000,1,1,1,1,1,1,1,1,1,1,1,1,1,2,0,0,0,0,0,0,0,,1
1234,CH chữ (35) đc tàu Nn,90700,56000,23000,0,1000,1,1,1,1,1,1,1,1,1,1,1,1,1,2,0,0,0,0,0,0,0,,1
1235,CH chữ (35) kt việt Gn,90700,75000,23000,0,1000,1,1,1,1,1,1,1,1,1,1,1,1,1,2,0,0,0,0,0,0,0,,1
1236,CH chữ (35) kt tàu Gn,90700,75000,23000,0,1000,1,1,1,1,1,1,1,1,1,1,1,1,1,2,0,0,0,0,0,0,0,,1
1237,CH chữ (35) ốc việt Gn,90700,91000,23000,0,1000,1,1,1,1,1,1,1,1,1,1,1,1,1,2,0,0,0,0,0,0,0,,1
1238,CH chữ (35) ốc tàu Gn,90700,91000,23000,0,1000,1,1,1,1,1,1,1,1,1,1,1,1,1,2,0,0,0,0,0,0,0,,1
1239,CH chữ (35) đc việt Gn,90700,75000,23000,0,1000,1,1,1,1,1,1,1,1,1,1,1,1,1,2,0,0,0,0,0,0,0,,1
1240,CH chữ (23) đc tàu Nn,90700,32000,23000,0,1000,1,1,1,1,1,1,1,1,1,1,1,1,1,2,0,0,0,0,0,0,0,,1
1241,CH chữ (35) đc tàu Gn,90700,75000,23000,0,1000,1,1,1,1,1,1,1,1,1,1,1,1,1,2,0,0,0,0,0,0,0,,1
1242,CH chữ (35) kt việt N,90700,71000,23000,0,1000,1,1,1,1,1,1,1,1,1,1,1,1,1,2,0,0,0,0,0,0,0,,1
1243,CH chữ (35) kt tàu N,90700,71000,23000,0,1000,1,1,1,1,1,1,1,1,1,1,1,1,1,2,0,0,0,0,0,0,0,,1
1244,CH chữ (35) ốc việt N,90700,87000,23000,0,1000,1,1,1,1,1,1,1,1,1,1,1,1,1,2,0,0,0,0,0,0,0,,1
1245,CH chữ (35) ốc tàu N,90700,87000,23000,0,1000,1,1,1,1,1,1,1,1,1,1,1,1,1,2,0,0,0,0,0,0,0,,1
1246,CH chữ (35) đc việt N,90700,71000,23000,0,1000,1,1,1,1,1,1,1,1,1,1,1,1,1,2,0,0,0,0,0,0,0,,1
1247,CH chữ (35) đc tàu N,90700,71000,23000,0,1000,1,1,1,1,1,1,1,1,1,1,1,1,1,2,0,0,0,0,0,0,0,,1
1248,CH chữ (35) kt việt G,90700,93000,23000,0,1000,1,1,1,1,1,1,1,1,1,1,1,1,1,2,0,0,0,0,0,0,0,,1
1249,CH chữ (35) kt tàu G,90700,93000,23000,0,1000,1,1,1,1,1,1,1,1,1,1,1,1,1,2,0,0,0,0,0,0,0,,1
1250,CH chữ (35) ốc việt G,90700,110000,23000,0,1000,1,1,1,1,1,1,1,1,1,1,1,1,1,2,0,0,0,0,0,0,0,,1
1251,CH chữ (23) kt việt Gn,90700,45000,23000,0,1000,1,1,1,1,1,1,1,1,1,1,1,1,1,2,0,0,0,0,0,0,0,,1
1252,CH chữ (35) ốc tàu G,90700,110000,23000,0,1000,1,1,1,1,1,1,1,1,1,1,1,1,1,2,0,0,0,0,0,0,0,,1
1253,CH chữ (35) đc việt G,90700,93000,23000,0,1000,1,1,1,1,1,1,1,1,1,1,1,1,1,2,0,0,0,0,0,0,0,,1
1254,CH chữ (35) đc tàu G,90700,93000,23000,0,1000,1,1,1,1,1,1,1,1,1,1,1,1,1,2,0,0,0,0,0,0,0,,1
1255,CH chữ (40) kt việt N,90700,87000,23000,0,1000,1,1,1,1,1,1,1,1,1,1,1,1,1,2,0,0,0,0,0,0,0,,1
1256,CH chữ (40) kt tàu N,90700,87000,23000,0,1000,1,1,1,1,1,1,1,1,1,1,1,1,1,2,0,0,0,0,0,0,0,,1
1257,CH chữ (40) ốc việt N,90700,107000,23000,0,1000,1,1,1,1,1,1,1,1,1,1,1,1,1,2,0,0,0,0,0,0,0,,1
1258,CH chữ (40) ốc tàu N,90700,107000,23000,0,1000,1,1,1,1,1,1,1,1,1,1,1,1,1,2,0,0,0,0,0,0,0,,1
1259,CH chữ (40) đc việt N,90700,87000,23000,0,1000,1,1,1,1,1,1,1,1,1,1,1,1,1,2,0,0,0,0,0,0,0,,1
1260,CH chữ (40) đc tàu N,90700,87000,23000,0,1000,1,1,1,1,1,1,1,1,1,1,1,1,1,2,0,0,0,0,0,0,0,,1
1261,CH chữ (40) kt việt G,90700,110000,23000,0,1000,1,1,1,1,1,1,1,1,1,1,1,1,1,2,0,0,0,0,0,0,0,,1
1262,CH chữ (23) kt tàu Gn,90700,45000,23000,0,1000,1,1,1,1,1,1,1,1,1,1,1,1,1,2,0,0,0,0,0,0,0,,1
1263,CH chữ (40) kt tàu G,90700,110000,23000,0,1000,1,1,1,1,1,1,1,1,1,1,1,1,1,2,0,0,0,0,0,0,0,,1
1264,CH chữ (40) ốc việt G,90700,130000,23000,0,1000,1,1,1,1,1,1,1,1,1,1,1,1,1,2,0,0,0,0,0,0,0,,1
1265,CH chữ (40) ốc tàu G,90700,130000,23000,0,1000,1,1,1,1,1,1,1,1,1,1,1,1,1,2,0,0,0,0,0,0,0,,1
1266,CH chữ (40) đc việt G,90700,110000,23000,0,1000,1,1,1,1,1,1,1,1,1,1,1,1,1,2,0,0,0,0,0,0,0,,1
1267,CH chữ (40) đc tàu G,90700,110000,23000,0,1000,1,1,1,1,1,1,1,1,1,1,1,1,1,2,0,0,0,0,0,0,0,,1
1268,CH chữ (50) kt việt N,90700,140000,23000,0,1000,1,1,1,1,1,1,1,1,1,1,1,1,1,2,0,0,0,0,0,0,0,,1
1269,CH chữ (50) kt tàu N,90700,140000,23000,0,1000,1,1,1,1,1,1,1,1,1,1,1,1,1,2,0,0,0,0,0,0,0,,1
1270,CH chữ (50) ốc việt N,90700,165000,23000,0,1000,1,1,1,1,1,1,1,1,1,1,1,1,1,2,0,0,0,0,0,0,0,,1
1271,CH chữ (50) ốc tàu N,90700,165000,23000,0,1000,1,1,1,1,1,1,1,1,1,1,1,1,1,2,0,0,0,0,0,0,0,,1
1272,CH chữ (50) kt việt G,90700,165000,23000,0,1000,1,1,1,1,1,1,1,1,1,1,1,1,1,2,0,0,0,0,0,0,0,,1
1273,CH chữ (23) ốc việt Gn,90700,50000,23000,0,1000,1,1,1,1,1,1,1,1,1,1,1,1,1,2,0,0,0,0,0,0,0,,1
1274,CH chữ (50) kt tàu G,87700,0,0,0,0,1,1,1,1,1,1,1,1,1,1,1,1,1,0,0,0,0,0,0,0,0,,1
1275,CH chữ (50) ốc việt G,87700,0,0,0,0,1,1,1,1,1,1,1,1,1,1,1,1,1,0,0,0,0,0,0,0,0,,1
1276,CH chữ (50) ốc tàu G,87700,0,0,0,0,1,1,1,1,1,1,1,1,1,1,1,1,1,0,0,0,0,0,0,0,0,,1
1277,CH chữ (60) kt việt N,87700,0,0,0,0,1,1,1,1,1,1,1,1,1,1,1,1,1,0,0,0,0,0,0,0,0,,1
1278,CH chữ (60) kt tàu N,90700,190000,23000,0,1000,1,1,1,1,1,1,1,1,1,1,1,1,1,2,0,0,0,0,0,0,0,,1
1279,CH chữ (60) ốc việt N,90700,240000,23000,0,1000,1,1,1,1,1,1,1,1,1,1,1,1,1,2,0,0,0,0,0,0,0,,1
1280,CH chữ (60) ốc tàu N,90700,240000,23000,0,1000,1,1,1,1,1,1,1,1,1,1,1,1,1,2,0,0,0,0,0,0,0,,1
1281,CH chữ (60) kt việt G,90700,230000,23000,0,1000,1,1,1,1,1,1,1,1,1,1,1,1,1,2,0,0,0,0,0,0,0,,1
1282,CH chữ (60) kt tàu G,90700,230000,23000,0,1000,1,1,1,1,1,1,1,1,1,1,1,1,1,2,0,0,0,0,0,0,0,,1
1283,CH chữ (60) ốc việt G,90700,270000,23000,0,1000,1,1,1,1,1,1,1,1,1,1,1,1,1,2,0,0,0,0,0,0,0,,1
1284,Cẩn ốc HM3,90700,10000,23000,0,1000,1,1,1,1,1,1,1,1,1,1,1,1,1,2,0,0,0,0,0,0,0,,1
1285,Cẩn ốc HM3 3D,87700,0,0,0,0,1,1,1,1,1,1,1,1,1,1,1,1,1,0,0,0,0,0,0,0,0,,1
1286,Cẩn ốc HM4,87700,0,0,0,0,1,1,1,1,1,1,1,1,1,1,1,1,1,0,0,0,0,0,0,0,0,,1
1287,Cẩn ốc HN,87700,0,0,0,0,1,1,1,1,1,1,1,1,1,1,1,1,1,0,0,0,0,0,0,0,0,,1
1288,Cẩn ốc HTL,90700,7000,23000,0,1000,1,1,1,1,1,1,1,1,1,1,1,1,1,2,0,0,0,0,0,0,0,,1
1289,Kiếng + Lụa CH (40),90700,27000,23000,0,1000,1,1,1,1,1,1,1,1,1,1,1,1,1,2,0,0,0,0,0,0,0,,1
1290,Kiếng  trắng (10x60),90700,4700,23000,0,1000,1,1,1,1,1,1,1,1,1,1,1,1,1,2,0,0,0,0,0,0,0,,1
1291,Kiếng trắng (10x50),90700,3900,23000,0,1000,1,1,1,1,1,1,1,1,1,1,1,1,1,2,0,0,0,0,0,0,0,,1
1292,Kiếng trắng (40x55),90700,3900,23000,0,1000,1,1,1,1,1,1,1,1,1,1,1,1,1,2,0,0,0,0,0,0,0,,1
1293,Kiếng trắng (30x65),90700,3900,23000,0,1000,1,1,1,1,1,1,1,1,1,1,1,1,1,2,0,0,0,0,0,0,0,,1
1294,Kiếng trắng (35x45),90700,3900,23000,0,1000,1,1,1,1,1,1,1,1,1,1,1,1,1,2,0,0,0,0,0,0,0,,1
1295,Kiếng trắng (30x67),90700,3900,23000,0,1000,1,1,1,1,1,1,1,1,1,1,1,1,1,2,0,0,0,0,0,0,0,,1
1296,Kiếng trắng (35x80) 5 li,90700,3900,23000,0,1000,1,1,1,1,1,1,1,1,1,1,1,1,1,2,0,0,0,0,0,0,0,,1
1297,Kiếng trắng (30x80) 5 li,90700,3900,23000,0,1000,1,1,1,1,1,1,1,1,1,1,1,1,1,2,0,0,0,0,0,0,0,,1
1298,Kiếng trắng (37.5x50),90700,3900,23000,0,1000,1,1,1,1,1,1,1,1,1,1,1,1,1,2,0,0,0,0,0,0,0,,1
1299,Kiếng trắng (20x30),90700,4400,23000,0,1000,1,1,1,1,1,1,1,1,1,1,1,1,1,2,0,0,0,0,0,0,0,,1
1300,Kiếng + Lụa CH (35),90700,21000,23000,0,1000,1,1,1,1,1,1,1,1,1,1,1,1,1,2,0,0,0,0,0,0,0,,1
1301,Lục Tự (10x60) Nn,87700,0,0,0,0,1,1,1,1,1,1,1,1,1,1,1,1,1,0,0,0,0,0,0,0,0,,1
1302,Kiếng + Lụa TB (40),90700,27000,23000,0,1000,1,1,1,1,1,1,1,1,1,1,1,1,1,2,0,0,0,0,0,0,0,,1
1303,Kiếng + Lụa TB (35),90700,21000,23000,0,1000,1,1,1,1,1,1,1,1,1,1,1,1,1,2,0,0,0,0,0,0,0,,1
1304,Kiếng + Lụa LT (10x60),90700,8000,23000,0,1000,1,1,1,1,1,1,1,1,1,1,1,1,1,2,0,0,0,0,0,0,0,,1
1305,Kiếng + Lụa LT (12x70),90700,10000,23000,0,1000,1,1,1,1,1,1,1,1,1,1,1,1,1,2,0,0,0,0,0,0,0,,1
1306,Kiếng trắng (25x35),90700,6900,23000,0,1000,1,1,1,1,1,1,1,1,1,1,1,1,1,2,0,0,0,0,0,0,0,,1
1307,Kiếng trắng (35x50),90700,13700,23000,0,1000,1,1,1,1,1,1,1,1,1,1,1,1,1,2,0,0,0,0,0,0,0,,1
1308,Kiếng  trắng (40x60),90700,19600,23000,0,1000,1,1,1,1,1,1,1,1,1,1,1,1,1,2,0,0,0,0,0,0,0,,1
1309,Ke nhôm,90700,630000,23000,0,1000,1,1,1,1,1,1,1,1,1,1,1,1,1,2,0,0,0,0,0,0,0,,1
1310,Tứ linh kt việt N,90700,240000,23000,0,1000,1,1,1,1,1,1,1,1,1,1,1,1,1,2,0,0,0,0,0,0,0,,1
1311,Tứ linh kt xanh Tàu G,90700,270000,23000,0,1000,1,1,1,1,1,1,1,1,1,1,1,1,1,2,0,0,0,0,0,0,0,,1
1312,Tứ linh ốc việt G,90700,360000,23000,0,1000,1,1,1,1,1,1,1,1,1,1,1,1,1,2,0,0,0,0,0,0,0,,1
1313,Tứ linh ốc Tàu G,90700,360000,23000,0,1000,1,1,1,1,1,1,1,1,1,1,1,1,1,2,0,0,0,0,0,0,0,,1
1314,Tứ linh kt việt ĐL,90700,270000,23000,0,1000,1,1,1,1,1,1,1,1,1,1,1,1,1,2,0,0,0,0,0,0,0,,1
1315,Tứ linh kt Tàu ĐL,90700,270000,23000,0,1000,1,1,1,1,1,1,1,1,1,1,1,1,1,2,0,0,0,0,0,0,0,,1
1316,Tứ linh kt xanh việt ĐL,90700,270000,23000,0,1000,1,1,1,1,1,1,1,1,1,1,1,1,1,2,0,0,0,0,0,0,0,,1
1317,Tứ linh kt xanh Tàu ĐL,90700,270000,23000,0,1000,1,1,1,1,1,1,1,1,1,1,1,1,1,2,0,0,0,0,0,0,0,,1
1318,Tứ linh ốc việt ĐL,90700,360000,23000,0,1000,1,1,1,1,1,1,1,1,1,1,1,1,1,2,0,0,0,0,0,0,0,,1
1319,Tứ linh ốc Tàu ĐL,90700,360000,23000,0,1000,1,1,1,1,1,1,1,1,1,1,1,1,1,2,0,0,0,0,0,0,0,,1
1320,Tứ linh kt Tàu N,90700,240000,23000,0,1000,1,1,1,1,1,1,1,1,1,1,1,1,1,2,0,0,0,0,0,0,0,,1
1321,Cẩn ốc L20,90700,15000,23000,0,1000,1,1,1,1,1,1,1,1,1,1,1,1,1,2,0,0,0,0,0,0,0,,1
1322,Tứ linh kt xanh việt N,90700,240000,23000,0,1000,1,1,1,1,1,1,1,1,1,1,1,1,1,2,0,0,0,0,0,0,0,,1
1323,Tứ linh kt xanh Tàu N,90700,240000,23000,0,1000,1,1,1,1,1,1,1,1,1,1,1,1,1,2,0,0,0,0,0,0,0,,1
1324,Tứ linh ốc việt N,90700,330000,23000,0,1000,1,1,1,1,1,1,1,1,1,1,1,1,1,2,0,0,0,0,0,0,0,,1
1325,Tứ linh ốc Tàu N,90700,330000,23000,0,1000,1,1,1,1,1,1,1,1,1,1,1,1,1,2,0,0,0,0,0,0,0,,1
1326,Tứ linh kt việt G,90700,270000,23000,0,1000,1,1,1,1,1,1,1,1,1,1,1,1,1,2,0,0,0,0,0,0,0,,1
1327,Tứ linh kt Tàu G,90700,270000,23000,0,1000,1,1,1,1,1,1,1,1,1,1,1,1,1,2,0,0,0,0,0,0,0,,1
1328,Tứ linh kt xanh việt G,90700,270000,23000,0,1000,1,1,1,1,1,1,1,1,1,1,1,1,1,2,0,0,0,0,0,0,0,,1
1329,Cẩn ốc L95,90700,10000,23000,0,1000,1,1,1,1,1,1,1,1,1,1,1,1,1,2,0,0,0,0,0,0,0,,1
1330,Tứ linh nhì kt việt N,90700,220000,23000,0,1000,1,1,1,1,1,1,1,1,1,1,1,1,1,2,0,0,0,0,0,0,0,,1
1331,Tứ linh nhì kt tàu N,90700,220000,23000,0,1000,1,1,1,1,1,1,1,1,1,1,1,1,1,2,0,0,0,0,0,0,0,,1
1332,Tứ linh nhì ốc việt N,90700,290000,23000,0,1000,1,1,1,1,1,1,1,1,1,1,1,1,1,2,0,0,0,0,0,0,0,,1
1333,Tứ linh nhì ốc tàu N,90700,290000,23000,0,1000,1,1,1,1,1,1,1,1,1,1,1,1,1,2,0,0,0,0,0,0,0,,1
1334,Tứ linh nhì kt việt G,90700,250000,23000,0,1000,1,1,1,1,1,1,1,1,1,1,1,1,1,2,0,0,0,0,0,0,0,,1
1335,Tứ linh nhì kt tàu G,90700,250000,23000,0,1000,1,1,1,1,1,1,1,1,1,1,1,1,1,2,0,0,0,0,0,0,0,,1
1336,Tứ linh nhì ốc việt G,90700,320000,23000,0,1000,1,1,1,1,1,1,1,1,1,1,1,1,1,2,0,0,0,0,0,0,0,,1
1337,Tứ linh nhì ốc tàu G,90700,320000,23000,0,1000,1,1,1,1,1,1,1,1,1,1,1,1,1,2,0,0,0,0,0,0,0,,1
1338,Cẩn ốc LM3,90700,30000,23000,0,1000,1,1,1,1,1,1,1,1,1,1,1,1,1,2,0,0,0,0,0,0,0,,1
1339,Cẩn ốc LTL,90700,20000,23000,0,1000,1,1,1,1,1,1,1,1,1,1,1,1,1,2,0,0,0,0,0,0,0,,1
1340,2D  Bộ liền tàu N,90700,240000,23000,0,1000,1,1,1,1,1,1,1,1,1,1,1,1,1,2,0,0,0,0,0,0,0,,1
1341,2D  Bộ  liền việt N,90700,240000,23000,0,1000,1,1,1,1,1,1,1,1,1,1,1,1,1,2,0,0,0,0,0,0,0,,1
1342,2D Tứ Linh Tàu  N,90700,240000,23000,0,1000,1,1,1,1,1,1,1,1,1,1,1,1,1,2,0,0,0,0,0,0,0,,1
1343,2D Tứ Linh Việt N,90700,240000,23000,0,1000,1,1,1,1,1,1,1,1,1,1,1,1,1,2,0,0,0,0,0,0,0,,1
1344,2D Tứ Linh Tàu kt N,90700,290000,23000,0,1000,1,1,1,1,1,1,1,1,1,1,1,1,1,2,0,0,0,0,0,0,0,,1
1345,2D Tứ Linh Việt kt N,90700,290000,23000,0,1000,1,1,1,1,1,1,1,1,1,1,1,1,1,2,0,0,0,0,0,0,0,,1
1346,2D Tứ Linh Tàu ốc N,90700,390000,23000,0,1000,1,1,1,1,1,1,1,1,1,1,1,1,1,2,0,0,0,0,0,0,0,,1
1347,2D Tứ Linh Việt ốc N,90700,390000,23000,0,1000,1,1,1,1,1,1,1,1,1,1,1,1,1,2,0,0,0,0,0,0,0,,1
1348,2D Cửa Buồng N,90700,200000,23000,0,1000,1,1,1,1,1,1,1,1,1,1,1,1,1,2,0,0,0,0,0,0,0,,1
1349,Mực UV xanh,90700,850000,23000,0,1000,1,1,1,1,1,1,1,1,1,1,1,1,1,2,0,0,0,0,0,0,0,,1
1350,Mực UV đen,90700,850000,23000,0,1000,1,1,1,1,1,1,1,1,1,1,1,1,1,2,0,0,0,0,0,0,0,,1
1351,Mực UV đỏ,90700,850000,23000,0,1000,1,1,1,1,1,1,1,1,1,1,1,1,1,2,0,0,0,0,0,0,0,,1
1352,Mực UV vàng,90700,850000,23000,0,1000,1,1,1,1,1,1,1,1,1,1,1,1,1,2,0,0,0,0,0,0,0,,1
1353,R ngang 7x10 kt Việt N,90700,220000,23000,0,1000,1,1,1,1,1,1,1,1,1,1,1,1,1,2,0,0,0,0,0,0,0,,1
1354,R ngang 6x9 ốc Việt N,90700,240000,23000,0,1000,1,1,1,1,1,1,1,1,1,1,1,1,1,2,0,0,0,0,0,0,0,,1
1355,R ngang 6x9 kt Việt G,90700,220000,23000,0,1000,1,1,1,1,1,1,1,1,1,1,1,1,1,2,0,0,0,0,0,0,0,,1
1356,R ngang 6x9 ốc Việt G,90700,270000,23000,0,1000,1,1,1,1,1,1,1,1,1,1,1,1,1,2,0,0,0,0,0,0,0,,1
1357,R ngang 7x10 kt Tàu N,90700,220000,23000,0,1000,1,1,1,1,1,1,1,1,1,1,1,1,1,2,0,0,0,0,0,0,0,,1
1358,Kiếng in 3D 22.5x34,90700,13500,23000,0,1000,1,1,1,1,1,1,1,1,1,1,1,1,1,2,0,0,0,0,0,0,0,,1
1359,Kiếng in 3D 22.5x37.5,90700,14500,23000,0,1000,1,1,1,1,1,1,1,1,1,1,1,1,1,2,0,0,0,0,0,0,0,,1
1360,Kiếng in 3D 22.5x39,90700,15000,23000,0,1000,1,1,1,1,1,1,1,1,1,1,1,1,1,2,0,0,0,0,0,0,0,,1
1361,Kiếng in 3D 22.5x39.3,90700,15000,23000,0,1000,1,1,1,1,1,1,1,1,1,1,1,1,1,2,0,0,0,0,0,0,0,,1
1362,Kiếng in 3D 22.5x44,90700,17000,23000,0,1000,1,1,1,1,1,1,1,1,1,1,1,1,1,2,0,0,0,0,0,0,0,,1
1363,Kiếng in 3D 22.5x45,90700,17500,23000,0,1000,1,1,1,1,1,1,1,1,1,1,1,1,1,2,0,0,0,0,0,0,0,,1
1364,Kiếng in 3D 22.5x47.5,90700,18500,23000,0,1000,1,1,1,1,1,1,1,1,1,1,1,1,1,2,0,0,0,0,0,0,0,,1
1365,Kiếng in 3D 22.5x51,90700,20000,23000,0,1000,1,1,1,1,1,1,1,1,1,1,1,1,1,2,0,0,0,0,0,0,0,,1
1366,R ngang 7x10 ốc Việt N,90700,290000,23000,0,1000,1,1,1,1,1,1,1,1,1,1,1,1,1,2,0,0,0,0,0,0,0,,1
1367,Kiếng in 3D 42.3x126.8,90700,92000,0,0,1000,1,1,1,1,1,1,1,1,1,1,1,1,1,2,0,0,0,0,0,0,0,,1
1368,R ngang 7x10 ốc Tàu N,90700,290000,23000,0,1000,1,1,1,1,1,1,1,1,1,1,1,1,1,2,0,0,0,0,0,0,0,,1
1369,Kiếng in 3D 41.3x126.8,87700,0,0,0,0,1,1,1,1,1,1,1,1,1,1,1,1,1,0,0,0,0,0,0,0,0,,1
1370,Kiếng in 3D 48.5x126.8,90700,105000,0,0,1000,1,1,1,1,1,1,1,1,1,1,1,1,1,2,0,0,0,0,0,0,0,,1
1371,R ngang 7x10 kt Việt G,90700,250000,23000,0,1000,1,1,1,1,1,1,1,1,1,1,1,1,1,2,0,0,0,0,0,0,0,,1
1372,R ngang 7x10 kt Tàu G,90700,250000,23000,0,1000,1,1,1,1,1,1,1,1,1,1,1,1,1,2,0,0,0,0,0,0,0,,1
1373,R ngang 7x10 ốc Việt G,90700,320000,23000,0,1000,1,1,1,1,1,1,1,1,1,1,1,1,1,2,0,0,0,0,0,0,0,,1
1374,R ngang 7x10 ốc Tàu G,90700,320000,23000,0,1000,1,1,1,1,1,1,1,1,1,1,1,1,1,2,0,0,0,0,0,0,0,,1
1375,R ngang 6x9 kt Việt N,90700,190000,23000,0,1000,1,1,1,1,1,1,1,1,1,1,1,1,1,2,0,0,0,0,0,0,0,,1
1376,Nhôm cánh trơn vàng ̣̣̣,87700,0,0,0,0,1,1,1,1,1,1,1,1,1,1,1,1,1,0,0,0,0,0,0,0,0,,1
1377,Hoành nhôm kt,90700,80000,23000,0,1000,1,1,1,1,1,1,1,1,1,1,1,1,1,2,0,0,0,0,0,0,0,,1
1378,Tổ cô R (23) ốc Nn,90700,39000,23000,0,1000,1,1,1,1,1,1,1,1,1,1,1,1,1,2,0,0,0,0,0,0,0,,1
1379,Hoành TL ốc việt G,90700,120000,23000,0,1000,1,1,1,1,1,1,1,1,1,1,1,1,1,2,0,0,0,0,0,0,0,,1
1380,Tổ cô bà chữ (18) ốc Nn,88700,29000,23000,0,1000,1,1,1,1,1,1,1,1,1,1,1,1,1,0,0,0,0,0,0,0,0,,1
1381,Hoành 1M3 ốc G,90700,190000,23000,0,1000,1,1,1,1,1,1,1,1,1,1,1,1,1,2,0,0,0,0,0,0,0,,1
1382,Tổ cô bà chữ (18) kt Nn,90700,23500,23000,0,1000,1,1,1,1,1,1,1,1,1,1,1,1,1,2,0,0,0,0,0,0,0,,1
1383,Hoành 1M3 ốc ĐL,90700,190000,23000,0,1000,1,1,1,1,1,1,1,1,1,1,1,1,1,2,0,0,0,0,0,0,0,,1
1384,Tổ cô bà chữ (18) đc Nn,90700,23500,23000,0,1000,1,1,1,1,1,1,1,1,1,1,1,1,1,2,0,0,0,0,0,0,0,,1
1385,Tổ cô bà chữ (23) ốc Nn,90700,39000,23000,0,1000,1,1,1,1,1,1,1,1,1,1,1,1,1,2,0,0,0,0,0,0,0,,1
1386,Tổ cô bà chữ (23) kt Nn,90700,32000,23000,0,1000,1,1,1,1,1,1,1,1,1,1,1,1,1,2,0,0,0,0,0,0,0,,1
1387,Tổ cô bà chữ (23) đc Nn,90700,32000,23000,0,1000,1,1,1,1,1,1,1,1,1,1,1,1,1,2,0,0,0,0,0,0,0,,1
1388,Cố tổ cô bà chữ (18) ốc Nn,90700,29000,23000,0,1000,1,1,1,1,1,1,1,1,1,1,1,1,1,2,0,0,0,0,0,0,0,,1
1389,Cố tổ cô bà chữ (18) kt Nn,90700,23500,23000,0,1000,1,1,1,1,1,1,1,1,1,1,1,1,1,2,0,0,0,0,0,0,0,,1
1390,Cố tổ cô bà chữ (18) đc Nn,90700,23500,23000,0,1000,1,1,1,1,1,1,1,1,1,1,1,1,1,2,0,0,0,0,0,0,0,,1
1391,Cố tổ cô bà chữ (23) ốc Nn,90700,39000,23000,0,1000,1,1,1,1,1,1,1,1,1,1,1,1,1,2,0,0,0,0,0,0,0,,1
1392,Hoành nhôm sơn,90700,80000,23000,0,1000,1,1,1,1,1,1,1,1,1,1,1,1,1,2,0,0,0,0,0,0,0,,1
1393,Tổ cô R (23) kt Nn,90700,32000,23000,0,1000,1,1,1,1,1,1,1,1,1,1,1,1,1,2,0,0,0,0,0,0,0,,1
1394,Cố tổ cô bà chữ (23) kt Nn,90700,32000,23000,0,1000,1,1,1,1,1,1,1,1,1,1,1,1,1,2,0,0,0,0,0,0,0,,1
1395,Cố tổ cô bà chữ (23) đc Nn,90700,32000,23000,0,1000,1,1,1,1,1,1,1,1,1,1,1,1,1,2,0,0,0,0,0,0,0,,1
1396,Tổ cô R (18) ốc Nn,90700,28000,23000,0,1000,1,1,1,1,1,1,1,1,1,1,1,1,1,2,0,0,0,0,0,0,0,,1
1397,Tổ cô R (18) kt Nn,90700,23000,23000,0,1000,1,1,1,1,1,1,1,1,1,1,1,1,1,2,0,0,0,0,0,0,0,,1
1398,Tổ cô R (18) đc Nn,90700,23000,23000,0,1000,1,1,1,1,1,1,1,1,1,1,1,1,1,2,0,0,0,0,0,0,0,,1
1399,Hoành TL kt việt N,90700,100000,23000,0,1000,1,1,1,1,1,1,1,1,1,1,1,1,1,2,0,0,0,0,0,0,0,,1
1400,Tổ cô R (23) đc Nn,90700,32000,23000,0,1000,1,1,1,1,1,1,1,1,1,1,1,1,1,2,0,0,0,0,0,0,0,,1
1401,Hoành TL kt việt N 02,90700,100000,23000,0,1000,1,1,1,1,1,1,1,1,1,1,1,1,1,2,0,0,0,0,0,0,0,,1
1402,Tổ cô R (25) ốc Nn,90700,44000,23000,0,1000,1,1,1,1,1,1,1,1,1,1,1,1,1,2,0,0,0,0,0,0,0,,1
1403,Hoành TL kt việt G,90700,110000,23000,0,1000,1,1,1,1,1,1,1,1,1,1,1,1,1,2,0,0,0,0,0,0,0,,1
1404,Tổ cô R (25) kt Nn,90700,37000,23000,0,1000,1,1,1,1,1,1,1,1,1,1,1,1,1,2,0,0,0,0,0,0,0,,1
1405,Hoành TL kt việt G 03,90700,110000,23000,0,1000,1,1,1,1,1,1,1,1,1,1,1,1,1,2,0,0,0,0,0,0,0,,1
1406,Tổ cô R (25) đc Nn,90700,37000,23000,0,1000,1,1,1,1,1,1,1,1,1,1,1,1,1,2,0,0,0,0,0,0,0,,1
1407,Hoành TL ốc tàu N,90700,110000,23000,0,1000,1,1,1,1,1,1,1,1,1,1,1,1,1,2,0,0,0,0,0,0,0,,1
1408,Tổ cô chữ (18) ốc Nn,90700,29000,23000,0,1000,1,1,1,1,1,1,1,1,1,1,1,1,1,2,0,0,0,0,0,0,0,,1
1409,Hoành TL ốc việt N,90700,110000,23000,0,1000,1,1,1,1,1,1,1,1,1,1,1,1,1,2,0,0,0,0,0,0,0,,1
1410,Tổ cô chữ (18) kt Nn,90700,23500,23000,0,1000,1,1,1,1,1,1,1,1,1,1,1,1,1,2,0,0,0,0,0,0,0,,1
1411,Hoành TL ốc tàu G,90700,120000,23000,0,1000,1,1,1,1,1,1,1,1,1,1,1,1,1,2,0,0,0,0,0,0,0,,1
1412,Tổ cô chữ (18) đc Nn,90700,23500,23000,0,1000,1,1,1,1,1,1,1,1,1,1,1,1,1,2,0,0,0,0,0,0,0,,1
1413,Chữ Phước 30 kt G,90700,96000,23000,0,1000,1,1,1,1,1,1,1,1,1,1,1,1,1,2,0,0,0,0,0,0,0,,1
1414,Chữ Phước 6x9 ốc G,90700,300000,23000,0,1000,1,1,1,1,1,1,1,1,1,1,1,1,1,2,0,0,0,0,0,0,0,,1
1415,Chữ Phước 7x10 kt G,90700,280000,23000,0,1000,1,1,1,1,1,1,1,1,1,1,1,1,1,2,0,0,0,0,0,0,0,,1
1416,Chữ Phước 7x10 ốc G,90700,350000,23000,0,1000,1,1,1,1,1,1,1,1,1,1,1,1,1,2,0,0,0,0,0,0,0,,1
1417,Chữ Phước 30 ốc G,90700,106000,23000,0,1000,1,1,1,1,1,1,1,1,1,1,1,1,1,2,0,0,0,0,0,0,0,,1
1418,Chữ Phước 35 kt G,90700,113000,23000,0,1000,1,1,1,1,1,1,1,1,1,1,1,1,1,2,0,0,0,0,0,0,0,,1
1419,Chữ Phước 35 ốc G,90700,130000,23000,0,1000,1,1,1,1,1,1,1,1,1,1,1,1,1,2,0,0,0,0,0,0,0,,1
1420,Chữ Phước 40 kt G,90700,130000,23000,0,1000,1,1,1,1,1,1,1,1,1,1,1,1,1,2,0,0,0,0,0,0,0,,1
1421,Chữ Phước 40 ốc G,90700,150000,23000,0,1000,1,1,1,1,1,1,1,1,1,1,1,1,1,2,0,0,0,0,0,0,0,,1
1422,Chữ Phước 50 kt G,90700,195000,23000,0,1000,1,1,1,1,1,1,1,1,1,1,1,1,1,2,0,0,0,0,0,0,0,,1
1423,Chữ Phước 50 ốc G,90700,220000,23000,0,1000,1,1,1,1,1,1,1,1,1,1,1,1,1,2,0,0,0,0,0,0,0,,1
1424,Chữ Phước 6x9 kt G,90700,250000,23000,0,1000,1,1,1,1,1,1,1,1,1,1,1,1,1,2,0,0,0,0,0,0,0,,1
1425,Cẩn ốc PLT,90700,7000,23000,0,1000,1,1,1,1,1,1,1,1,1,1,1,1,1,2,0,0,0,0,0,0,0,,1
1426,CH R (18) kt việt Nn,90700,23500,23000,0,1000,1,1,1,1,1,1,1,1,1,1,1,1,1,2,0,0,0,0,0,0,0,,1
1427,CH R (23) kt việt Nn,90700,32000,23000,0,1000,1,1,1,1,1,1,1,1,1,1,1,1,1,2,0,0,0,0,0,0,0,,1
1428,CH R (23) ốc tàu Gn,90700,50000,23000,0,1000,1,1,1,1,1,1,1,1,1,1,1,1,1,2,0,0,0,0,0,0,0,,1
1429,CH R (60) ốc tàu G,90700,270000,23000,0,1000,1,1,1,1,1,1,1,1,1,1,1,1,1,2,0,0,0,0,0,0,0,,1
1430,CH R (23) đc việt Gn,90700,45000,23000,0,1000,1,1,1,1,1,1,1,1,1,1,1,1,1,2,0,0,0,0,0,0,0,,1
1431,CH R (23) đc tàu Gn,90700,45000,23000,0,1000,1,1,1,1,1,1,1,1,1,1,1,1,1,2,0,0,0,0,0,0,0,,1
1432,CH R (25) kt việt Nn,90700,37000,23000,0,1000,1,1,1,1,1,1,1,1,1,1,1,1,1,2,0,0,0,0,0,0,0,,1
1433,CH R (25) kt tàu Nn,90700,37000,23000,0,1000,1,1,1,1,1,1,1,1,1,1,1,1,1,2,0,0,0,0,0,0,0,,1
1434,CH R (25) ốc việt Nn,90700,44000,23000,0,1000,1,1,1,1,1,1,1,1,1,1,1,1,1,2,0,0,0,0,0,0,0,,1
1435,CH R (25) ốc tàu Nn,90700,44000,23000,0,1000,1,1,1,1,1,1,1,1,1,1,1,1,1,2,0,0,0,0,0,0,0,,1
1436,CH R (25) đc việt Nn,90700,37000,23000,0,1000,1,1,1,1,1,1,1,1,1,1,1,1,1,2,0,0,0,0,0,0,0,,1
1437,CH R (25) đc tàu Nn,90700,37000,23000,0,1000,1,1,1,1,1,1,1,1,1,1,1,1,1,2,0,0,0,0,0,0,0,,1
1438,CH R (25) kt việt Gn,90700,50000,23000,0,1000,1,1,1,1,1,1,1,1,1,1,1,1,1,2,0,0,0,0,0,0,0,,1
1439,CH R (23) kt tàu Nn,90700,32000,23000,0,1000,1,1,1,1,1,1,1,1,1,1,1,1,1,2,0,0,0,0,0,0,0,,1
1440,CH R (25) kt tàu Gn,90700,50000,23000,0,1000,1,1,1,1,1,1,1,1,1,1,1,1,1,2,0,0,0,0,0,0,0,,1
1441,CH R (25) ốc việt Gn,90700,57000,23000,0,1000,1,1,1,1,1,1,1,1,1,1,1,1,1,2,0,0,0,0,0,0,0,,1
1442,CH R (25) ốc tàu Gn,90700,57000,23000,0,1000,1,1,1,1,1,1,1,1,1,1,1,1,1,2,0,0,0,0,0,0,0,,1
1443,CH R (25) đc việt Gn,90700,50000,23000,0,1000,1,1,1,1,1,1,1,1,1,1,1,1,1,2,0,0,0,0,0,0,0,,1
1444,CH R (25) đc tàu Gn,90700,50000,23000,0,1000,1,1,1,1,1,1,1,1,1,1,1,1,1,2,0,0,0,0,0,0,0,,1
1445,CH R (30) kt việt Nn,90700,45000,23000,0,1000,1,1,1,1,1,1,1,1,1,1,1,1,1,2,0,0,0,0,0,0,0,,1
1446,CH R (30) kt tàu Nn,90700,45000,23000,0,1000,1,1,1,1,1,1,1,1,1,1,1,1,1,2,0,0,0,0,0,0,0,,1
1447,CH R (30) ốc việt Nn,90700,54000,23000,0,1000,1,1,1,1,1,1,1,1,1,1,1,1,1,2,0,0,0,0,0,0,0,,1
1448,CH R (30) ốc tàu Nn,90700,54000,23000,0,1000,1,1,1,1,1,1,1,1,1,1,1,1,1,2,0,0,0,0,0,0,0,,1
1449,CH R (30) đc việt Nn,90700,45000,23000,0,1000,1,1,1,1,1,1,1,1,1,1,1,1,1,2,0,0,0,0,0,0,0,,1
1450,CH R (23) ốc việt Nn,90700,39000,23000,0,1000,1,1,1,1,1,1,1,1,1,1,1,1,1,2,0,0,0,0,0,0,0,,1
1451,CH R (30) đc tàu Nn,90700,45000,23000,0,1000,1,1,1,1,1,1,1,1,1,1,1,1,1,2,0,0,0,0,0,0,0,,1
1452,CH R (30) kt việt Gn,90700,59000,23000,0,1000,1,1,1,1,1,1,1,1,1,1,1,1,1,2,0,0,0,0,0,0,0,,1
1453,CH R (30) kt tàu Gn,90700,59000,23000,0,1000,1,1,1,1,1,1,1,1,1,1,1,1,1,2,0,0,0,0,0,0,0,,1
1454,CH R (30) ốc việt Gn,90700,69000,23000,0,1000,1,1,1,1,1,1,1,1,1,1,1,1,1,2,0,0,0,0,0,0,0,,1
1455,CH R (30) ốc tàu Gn,90700,69000,23000,0,1000,1,1,1,1,1,1,1,1,1,1,1,1,1,2,0,0,0,0,0,0,0,,1
1456,CH R (30) đc việt Gn,90700,59000,23000,0,1000,1,1,1,1,1,1,1,1,1,1,1,1,1,2,0,0,0,0,0,0,0,,1
1457,CH R (30) đc tàu Gn,90700,59000,23000,0,1000,1,1,1,1,1,1,1,1,1,1,1,1,1,2,0,0,0,0,0,0,0,,1
1458,CH R (30) kt việt N,90700,57000,23000,0,1000,1,1,1,1,1,1,1,1,1,1,1,1,1,2,0,0,0,0,0,0,0,,1
1459,CH R (30) kt tàu N,90700,57000,23000,0,1000,1,1,1,1,1,1,1,1,1,1,1,1,1,2,0,0,0,0,0,0,0,,1
1460,CH R (30) ốc việt N,90700,66000,23000,0,1000,1,1,1,1,1,1,1,1,1,1,1,1,1,2,0,0,0,0,0,0,0,,1
1461,CH R (23) ốc tàu Nn,90700,39000,23000,0,1000,1,1,1,1,1,1,1,1,1,1,1,1,1,2,0,0,0,0,0,0,0,,1
1462,CH R (30) ốc tàu N,90700,66000,23000,0,1000,1,1,1,1,1,1,1,1,1,1,1,1,1,2,0,0,0,0,0,0,0,,1
1463,CH R (30) đc việt N,90700,57000,23000,0,1000,1,1,1,1,1,1,1,1,1,1,1,1,1,2,0,0,0,0,0,0,0,,1
1464,CH R (30) đc tàu N,90700,57000,23000,0,1000,1,1,1,1,1,1,1,1,1,1,1,1,1,2,0,0,0,0,0,0,0,,1
1465,CH R (30) kt việt G,90700,76000,23000,0,1000,1,1,1,1,1,1,1,1,1,1,1,1,1,2,0,0,0,0,0,0,0,,1
1466,CH R (30) kt tàu G,90700,76000,23000,0,1000,1,1,1,1,1,1,1,1,1,1,1,1,1,2,0,0,0,0,0,0,0,,1
1467,CH R (30) ốc việt G,90700,86000,23000,0,1000,1,1,1,1,1,1,1,1,1,1,1,1,1,2,0,0,0,0,0,0,0,,1
1468,CH R (30) ốc tàu G,90700,86000,23000,0,1000,1,1,1,1,1,1,1,1,1,1,1,1,1,2,0,0,0,0,0,0,0,,1
1469,CH R (30) đc việt G,90700,76000,23000,0,1000,1,1,1,1,1,1,1,1,1,1,1,1,1,2,0,0,0,0,0,0,0,,1
1470,CH R (30) đc tàu G,90700,76000,23000,0,1000,1,1,1,1,1,1,1,1,1,1,1,1,1,2,0,0,0,0,0,0,0,,1
1471,CH R (35) kt việt Nn,90700,56000,23000,0,1000,1,1,1,1,1,1,1,1,1,1,1,1,1,2,0,0,0,0,0,0,0,,1
1472,CH R (23) đc việt Nn,90700,32000,23000,0,1000,1,1,1,1,1,1,1,1,1,1,1,1,1,2,0,0,0,0,0,0,0,,1
1473,CH R (35) kt tàu Nn,90700,56000,23000,0,1000,1,1,1,1,1,1,1,1,1,1,1,1,1,2,0,0,0,0,0,0,0,,1
1474,CH R (35) ốc việt Nn,90700,72000,23000,0,1000,1,1,1,1,1,1,1,1,1,1,1,1,1,2,0,0,0,0,0,0,0,,1
1475,CH R (35) ốc tàu Nn,90700,72000,23000,0,1000,1,1,1,1,1,1,1,1,1,1,1,1,1,2,0,0,0,0,0,0,0,,1
1476,CH R (35) đc việt Nn,90700,56000,23000,0,1000,1,1,1,1,1,1,1,1,1,1,1,1,1,2,0,0,0,0,0,0,0,,1
1477,CH R (35) đc tàu Nn,90700,56000,23000,0,1000,1,1,1,1,1,1,1,1,1,1,1,1,1,2,0,0,0,0,0,0,0,,1
1478,CH R (35) kt việt Gn,90700,75000,23000,0,1000,1,1,1,1,1,1,1,1,1,1,1,1,1,2,0,0,0,0,0,0,0,,1
1479,CH R (35) kt tàu Gn,90700,75000,23000,0,1000,1,1,1,1,1,1,1,1,1,1,1,1,1,2,0,0,0,0,0,0,0,,1
1480,CH R (35) ốc việt Gn,90700,91000,23000,0,1000,1,1,1,1,1,1,1,1,1,1,1,1,1,2,0,0,0,0,0,0,0,,1
1481,CH R (35) ốc tàu Gn,90700,91000,23000,0,1000,1,1,1,1,1,1,1,1,1,1,1,1,1,2,0,0,0,0,0,0,0,,1
1482,CH R (35) đc việt Gn,90700,75000,23000,0,1000,1,1,1,1,1,1,1,1,1,1,1,1,1,2,0,0,0,0,0,0,0,,1
1483,CH R (23) đc tàu Nn,90700,32000,23000,0,1000,1,1,1,1,1,1,1,1,1,1,1,1,1,2,0,0,0,0,0,0,0,,1
1484,CH R (35) đc tàu Gn,90700,75000,23000,0,1000,1,1,1,1,1,1,1,1,1,1,1,1,1,2,0,0,0,0,0,0,0,,1
1485,CH R (35) kt việt N,90700,71000,23000,0,1000,1,1,1,1,1,1,1,1,1,1,1,1,1,2,0,0,0,0,0,0,0,,1
1486,CH R (35) kt tàu N,90700,71000,23000,0,1000,1,1,1,1,1,1,1,1,1,1,1,1,1,2,0,0,0,0,0,0,0,,1
1487,CH R (35) ốc việt N,90700,87000,23000,0,1000,1,1,1,1,1,1,1,1,1,1,1,1,1,2,0,0,0,0,0,0,0,,1
1488,CH R (35) ốc tàu N,90700,87000,23000,0,1000,1,1,1,1,1,1,1,1,1,1,1,1,1,2,0,0,0,0,0,0,0,,1
1489,CH R (35) đc việt N,90700,71000,23000,0,1000,1,1,1,1,1,1,1,1,1,1,1,1,1,2,0,0,0,0,0,0,0,,1
1490,CH R (35) đc tàu N,90700,71000,23000,0,1000,1,1,1,1,1,1,1,1,1,1,1,1,1,2,0,0,0,0,0,0,0,,1
1491,CH R (35) kt việt G,90700,93000,23000,0,1000,1,1,1,1,1,1,1,1,1,1,1,1,1,2,0,0,0,0,0,0,0,,1
1492,CH R (35) kt tàu G,90700,93000,23000,0,1000,1,1,1,1,1,1,1,1,1,1,1,1,1,2,0,0,0,0,0,0,0,,1
1493,CH R (35) ốc việt G,90700,110000,23000,0,1000,1,1,1,1,1,1,1,1,1,1,1,1,1,2,0,0,0,0,0,0,0,,1
1494,CH R (23) kt việt Gn,90700,45000,23000,0,1000,1,1,1,1,1,1,1,1,1,1,1,1,1,2,0,0,0,0,0,0,0,,1
1495,CH R (35) ốc tàu G,90700,110000,23000,0,1000,1,1,1,1,1,1,1,1,1,1,1,1,1,2,0,0,0,0,0,0,0,,1
1496,CH R (35) đc việt G,90700,93000,23000,0,1000,1,1,1,1,1,1,1,1,1,1,1,1,1,2,0,0,0,0,0,0,0,,1
1497,CH R (35) đc tàu G,90700,93000,23000,0,1000,1,1,1,1,1,1,1,1,1,1,1,1,1,2,0,0,0,0,0,0,0,,1
1498,CH R (40) kt việt N,90700,87000,23000,0,1000,1,1,1,1,1,1,1,1,1,1,1,1,1,2,0,0,0,0,0,0,0,,1
1499,CH R (40) kt tàu N,90700,87000,23000,0,1000,1,1,1,1,1,1,1,1,1,1,1,1,1,2,0,0,0,0,0,0,0,,1
1500,CH R (40) ốc việt N,90700,107000,23000,0,1000,1,1,1,1,1,1,1,1,1,1,1,1,1,2,0,0,0,0,0,0,0,,1
1501,CH R (40) ốc tàu N,90700,107000,23000,0,1000,1,1,1,1,1,1,1,1,1,1,1,1,1,2,0,0,0,0,0,0,0,,1
1502,CH R (40) đc việt N,90700,87000,23000,0,1000,1,1,1,1,1,1,1,1,1,1,1,1,1,2,0,0,0,0,0,0,0,,1
1503,CH R (40) đc tàu N,90700,87000,23000,0,1000,1,1,1,1,1,1,1,1,1,1,1,1,1,2,0,0,0,0,0,0,0,,1
1504,CH R (40) kt việt G,90700,110000,23000,0,1000,1,1,1,1,1,1,1,1,1,1,1,1,1,2,0,0,0,0,0,0,0,,1
1505,CH R (23) kt tàu Gn,90700,45000,23000,0,1000,1,1,1,1,1,1,1,1,1,1,1,1,1,2,0,0,0,0,0,0,0,,1
1506,CH R (40) kt tàu G,90700,110000,23000,0,1000,1,1,1,1,1,1,1,1,1,1,1,1,1,2,0,0,0,0,0,0,0,,1
1507,CH R (40) ốc việt G,90700,130000,23000,0,1000,1,1,1,1,1,1,1,1,1,1,1,1,1,2,0,0,0,0,0,0,0,,1
1508,CH R (40) ốc tàu G,90700,130000,23000,0,1000,1,1,1,1,1,1,1,1,1,1,1,1,1,2,0,0,0,0,0,0,0,,1
1509,CH R (40) đc việt G,90700,110000,23000,0,1000,1,1,1,1,1,1,1,1,1,1,1,1,1,2,0,0,0,0,0,0,0,,1
1510,CH R (40) đc tàu G,90700,110000,23000,0,1000,1,1,1,1,1,1,1,1,1,1,1,1,1,2,0,0,0,0,0,0,0,,1
1511,CH R (50) kt việt N,90700,140000,23000,0,1000,1,1,1,1,1,1,1,1,1,1,1,1,1,2,0,0,0,0,0,0,0,,1
1512,CH R (50) kt tàu N,90700,140000,23000,0,1000,1,1,1,1,1,1,1,1,1,1,1,1,1,2,0,0,0,0,0,0,0,,1
1513,CH R (50) ốc việt N,90700,165000,23000,0,1000,1,1,1,1,1,1,1,1,1,1,1,1,1,2,0,0,0,0,0,0,0,,1
1514,CH R (50) ốc tàu N,90700,165000,23000,0,1000,1,1,1,1,1,1,1,1,1,1,1,1,1,2,0,0,0,0,0,0,0,,1
1515,CH R (50) kt việt G,90700,165000,23000,0,1000,1,1,1,1,1,1,1,1,1,1,1,1,1,2,0,0,0,0,0,0,0,,1
1516,CH R (23) ốc việt Gn,90700,50000,23000,0,1000,1,1,1,1,1,1,1,1,1,1,1,1,1,2,0,0,0,0,0,0,0,,1
1517,CH R (50) kt tàu G,90700,165000,23000,0,1000,1,1,1,1,1,1,1,1,1,1,1,1,1,2,0,0,0,0,0,0,0,,1
1518,CH R (50) ốc việt G,90700,190000,23000,0,1000,1,1,1,1,1,1,1,1,1,1,1,1,1,2,0,0,0,0,0,0,0,,1
1519,CH R (50) ốc tàu G,90700,190000,23000,0,1000,1,1,1,1,1,1,1,1,1,1,1,1,1,2,0,0,0,0,0,0,0,,1
1520,CH R (60) kt việt N,90700,190000,23000,0,1000,1,1,1,1,1,1,1,1,1,1,1,1,1,2,0,0,0,0,0,0,0,,1
1521,CH R (60) kt tàu N,90700,190000,23000,0,1000,1,1,1,1,1,1,1,1,1,1,1,1,1,2,0,0,0,0,0,0,0,,1
1522,CH R (60) ốc việt N,90700,240000,23000,0,1000,1,1,1,1,1,1,1,1,1,1,1,1,1,2,0,0,0,0,0,0,0,,1
1523,CH R (60) ốc tàu N,90700,240000,23000,0,1000,1,1,1,1,1,1,1,1,1,1,1,1,1,2,0,0,0,0,0,0,0,,1
1524,CH R (60) kt việt G,90700,230000,23000,0,1000,1,1,1,1,1,1,1,1,1,1,1,1,1,2,0,0,0,0,0,0,0,,1
1525,CH R (60) kt tàu G,90700,230000,23000,0,1000,1,1,1,1,1,1,1,1,1,1,1,1,1,2,0,0,0,0,0,0,0,,1
1526,CH R (60) ốc việt G,90700,270000,23000,0,1000,1,1,1,1,1,1,1,1,1,1,1,1,1,2,0,0,0,0,0,0,0,,1
1527,Thổ thần (18) kt Nn,90700,23500,23000,0,1000,1,1,1,1,1,1,1,1,1,1,1,1,1,2,0,0,0,0,0,0,0,,1
1528,Thổ thần (30) ốc N,90700,66000,23000,0,1000,1,1,1,1,1,1,1,1,1,1,1,1,1,2,0,0,0,0,0,0,0,,1
1529,Thổ thần (35) kt N,90700,71000,23000,0,1000,1,1,1,1,1,1,1,1,1,1,1,1,1,2,0,0,0,0,0,0,0,,1
1530,Thổ thần (35) ốc N,90700,87000,23000,0,1000,1,1,1,1,1,1,1,1,1,1,1,1,1,2,0,0,0,0,0,0,0,,1
1531,Thổ thần (40) kt N,90700,87000,23000,0,1000,1,1,1,1,1,1,1,1,1,1,1,1,1,2,0,0,0,0,0,0,0,,1
1532,Thổ thần (40) ốc N,90700,107000,23000,0,1000,1,1,1,1,1,1,1,1,1,1,1,1,1,2,0,0,0,0,0,0,0,,1
1533,Tổ Nghiệp ốc (23) Nn,90700,39000,23000,0,1000,1,1,1,1,1,1,1,1,1,1,1,1,1,2,0,0,0,0,0,0,0,,1
1534,Tổ Nghiệp kt (23) Nn,90700,32000,23000,0,1000,1,1,1,1,1,1,1,1,1,1,1,1,1,2,0,0,0,0,0,0,0,,1
1535,Tổ Nghiệp đc (23) Nn,90700,32000,23000,0,1000,1,1,1,1,1,1,1,1,1,1,1,1,1,2,0,0,0,0,0,0,0,,1
1536,Kiếng in 3D 17x40,90700,6500,23000,0,1000,1,1,1,1,1,1,1,1,1,1,1,1,1,2,0,0,0,0,0,0,0,,1
1537,Th Thiên (13) ốc Nn,90700,24000,23000,0,1000,1,1,1,1,1,1,1,1,1,1,1,1,1,2,0,0,0,0,0,0,0,,1
1538,Kiếng in 3D 18x47,87700,0,0,0,0,1,1,1,1,1,1,1,1,1,1,1,1,1,0,0,0,0,0,0,0,0,,1
1539,Th Thiên (13) kt Nn,90700,19500,23000,0,1000,1,1,1,1,1,1,1,1,1,1,1,1,1,2,0,0,0,0,0,0,0,,1
1540,Kiếng in 3D 19x425,90700,7000,23000,0,1000,1,1,1,1,1,1,1,1,1,1,1,1,1,2,0,0,0,0,0,0,0,,1
1541,Kiếng in 3D 19x505,90700,9000,23000,0,1000,1,1,1,1,1,1,1,1,1,1,1,1,1,2,0,0,0,0,0,0,0,,1
1542,Thổ thần (18) ốc Nn,90700,29000,23000,0,1000,1,1,1,1,1,1,1,1,1,1,1,1,1,2,0,0,0,0,0,0,0,,1
1543,Th Thiên (13) đc Nn,90700,19500,23000,0,1000,1,1,1,1,1,1,1,1,1,1,1,1,1,2,0,0,0,0,0,0,0,,1
1544,Kiếng in 3D 20.3x40.5,90700,19500,23000,0,1000,1,1,1,1,1,1,1,1,1,1,1,1,1,2,0,0,0,0,0,0,0,,1
1545,Kiếng in 3D 20.3x 53.5,90700,19500,23000,0,1000,1,1,1,1,1,1,1,1,1,1,1,1,1,2,0,0,0,0,0,0,0,,1
1546,Kiếng in 3D 20x37.5,90700,19500,23000,0,1000,1,1,1,1,1,1,1,1,1,1,1,1,1,2,0,0,0,0,0,0,0,,1
1547,Kiếng in 3D 20x42,90700,8000,23000,0,1000,1,1,1,1,1,1,1,1,1,1,1,1,1,2,0,0,0,0,0,0,0,,1
1548,Kiếng in 3D 20.5x35,90700,7000,23000,0,1000,1,1,1,1,1,1,1,1,1,1,1,1,1,2,0,0,0,0,0,0,0,,1
1549,Kiếng in 3D 20.5x38,90700,7000,23000,0,1000,1,1,1,1,1,1,1,1,1,1,1,1,1,2,0,0,0,0,0,0,0,,1
1550,Kiếng in 3D 20.5x42.5,90700,8000,23000,0,1000,1,1,1,1,1,1,1,1,1,1,1,1,1,2,0,0,0,0,0,0,0,,1
1551,Kiếng in 3D 20.5x43,90700,8000,23000,0,1000,1,1,1,1,1,1,1,1,1,1,1,1,1,2,0,0,0,0,0,0,0,,1
1552,Kiếng in 3D 20.5x48,90700,9000,23000,0,1000,1,1,1,1,1,1,1,1,1,1,1,1,1,2,0,0,0,0,0,0,0,,1
1553,Kiếng in 3D 20.5x54.5,90700,10000,23000,0,1000,1,1,1,1,1,1,1,1,1,1,1,1,1,2,0,0,0,0,0,0,0,,1
1554,Thổ Đất (13) ốc Nn,90700,24000,23000,0,1000,1,1,1,1,1,1,1,1,1,1,1,1,1,2,0,0,0,0,0,0,0,,1
1555,Thổ Đất (13) kt Nn,90700,19500,23000,0,1000,1,1,1,1,1,1,1,1,1,1,1,1,1,2,0,0,0,0,0,0,0,,1
1556,Thổ Đất (13) đc Nn,90700,19500,23000,0,1000,1,1,1,1,1,1,1,1,1,1,1,1,1,2,0,0,0,0,0,0,0,,1
1557,Thổ thần (23) đc Nn,90700,27000,23000,0,1000,1,1,1,1,1,1,1,1,1,1,1,1,1,2,0,0,0,0,0,0,0,,1
1558,Thổ thần (25) đc Nn,90700,37000,23000,0,1000,1,1,1,1,1,1,1,1,1,1,1,1,1,2,0,0,0,0,0,0,0,,1
1559,Thổ thần (30) đc N,90700,57000,23000,0,1000,1,1,1,1,1,1,1,1,1,1,1,1,1,2,0,0,0,0,0,0,0,,1
1560,Thổ thần (35) đc N,90700,71000,23000,0,1000,1,1,1,1,1,1,1,1,1,1,1,1,1,2,0,0,0,0,0,0,0,,1
1561,Kiếng in 3D 27.5x129.5,90700,33000,23000,0,1000,1,1,1,1,1,1,1,1,1,1,1,1,1,2,0,0,0,0,0,0,0,,1
1562,Kiếng in 3D 27.5x41.5,87700,0,0,0,0,1,1,1,1,1,1,1,1,1,1,1,1,1,0,0,0,0,0,0,0,0,,1
1563,Kiếng in 3D 27.5x79,87700,0,0,0,0,1,1,1,1,1,1,1,1,1,1,1,1,1,0,0,0,0,0,0,0,0,,1
1564,Thổ thần (40) đc  N,90700,87000,23000,0,1000,1,1,1,1,1,1,1,1,1,1,1,1,1,2,0,0,0,0,0,0,0,,1
1565,Kiếng in 3D 28x129.5,90700,33000,23000,0,1000,1,1,1,1,1,1,1,1,1,1,1,1,1,2,0,0,0,0,0,0,0,,1
1566,Thổ Đất (18) ốc Nn,90700,29000,23000,0,1000,1,1,1,1,1,1,1,1,1,1,1,1,1,2,0,0,0,0,0,0,0,,1
1567,Kiếng in 3D 29x129.5,90700,34000,23000,0,1000,1,1,1,1,1,1,1,1,1,1,1,1,1,2,0,0,0,0,0,0,0,,1
1568,Thổ thần (23) kt Nn,90700,32000,23000,0,1000,1,1,1,1,1,1,1,1,1,1,1,1,1,2,0,0,0,0,0,0,0,,1
1569,Thổ Đất (18) kt Nn,90700,23500,23000,0,1000,1,1,1,1,1,1,1,1,1,1,1,1,1,2,0,0,0,0,0,0,0,,1
1570,Kiếng in 3D 30x132,90700,36000,23000,0,1000,1,1,1,1,1,1,1,1,1,1,1,1,1,2,0,0,0,0,0,0,0,,1
1571,Kiếng in 3D 30.5x132,90700,37000,23000,0,1000,1,1,1,1,1,1,1,1,1,1,1,1,1,2,0,0,0,0,0,0,0,,1
1572,Thổ Đất (18) đc Nn,90700,23500,23000,0,1000,1,1,1,1,1,1,1,1,1,1,1,1,1,2,0,0,0,0,0,0,0,,1
1573,Kiếng in 3D 31.5x129.5,90700,37000,23000,0,1000,1,1,1,1,1,1,1,1,1,1,1,1,1,2,0,0,0,0,0,0,0,,1
1574,Kiếng in 3D 31.5x132,90700,37500,23000,0,1000,1,1,1,1,1,1,1,1,1,1,1,1,1,2,0,0,0,0,0,0,0,,1
1575,Tổ Nghiệp ốc (18) Nn,90700,39000,23000,0,1000,1,1,1,1,1,1,1,1,1,1,1,1,1,2,0,0,0,0,0,0,0,,1
1576,Kiếng in 3D 32.5x130,90700,38000,23000,0,1000,1,1,1,1,1,1,1,1,1,1,1,1,1,2,0,0,0,0,0,0,0,,1
1577,Kiếng in 3D 32.5x1325,90700,42000,23000,0,1000,1,1,1,1,1,1,1,1,1,1,1,1,1,2,0,0,0,0,0,0,0,,1
1578,Tổ Nghiệp kt (18) Nn,90700,32000,23000,0,1000,1,1,1,1,1,1,1,1,1,1,1,1,1,2,0,0,0,0,0,0,0,,1
1579,Kiếng in 3D 33x129.5,90700,39000,23000,0,1000,1,1,1,1,1,1,1,1,1,1,1,1,1,2,0,0,0,0,0,0,0,,1
1580,Kiếng in 3D 33x132,90700,39000,23000,0,1000,1,1,1,1,1,1,1,1,1,1,1,1,1,2,0,0,0,0,0,0,0,,1
1581,Tổ Nghiệp đc (18) Nn,90700,32000,23000,0,1000,1,1,1,1,1,1,1,1,1,1,1,1,1,2,0,0,0,0,0,0,0,,1
1582,Kiếng in 3D 34.5x126.8,90700,75000,23000,0,1000,1,1,1,1,1,1,1,1,1,1,1,1,1,2,0,0,0,0,0,0,0,,1
1583,Kiếng in 3D 34.7x132,90700,42000,23000,0,1000,1,1,1,1,1,1,1,1,1,1,1,1,1,2,0,0,0,0,0,0,0,,1
1584,Tổ đường (30) ốc N,90700,63000,23000,0,1000,1,1,1,1,1,1,1,1,1,1,1,1,1,2,0,0,0,0,0,0,0,,1
1585,Kiếng in 3D 35 x127,87700,0,0,0,0,1,1,1,1,1,1,1,1,1,1,1,1,1,0,0,0,0,0,0,0,0,,1
1586,Kiếng in 3D 35 x132.5,90700,42000,23000,0,1000,1,1,1,1,1,1,1,1,1,1,1,1,1,2,0,0,0,0,0,0,0,,1
1587,Kiếng in 3D 35x132,90700,42000,23000,0,1000,1,1,1,1,1,1,1,1,1,1,1,1,1,2,0,0,0,0,0,0,0,,1
1588,Kiếng in 3D 35.5x132,90700,42500,23000,0,1000,1,1,1,1,1,1,1,1,1,1,1,1,1,2,0,0,0,0,0,0,0,,1
1589,Tổ đường (35) ốc N,90700,82000,23000,0,1000,1,1,1,1,1,1,1,1,1,1,1,1,1,2,0,0,0,0,0,0,0,,1
1590,Tổ đường (40) ốc N,90700,103000,23000,0,1000,1,1,1,1,1,1,1,1,1,1,1,1,1,2,0,0,0,0,0,0,0,,1
1591,Kiếng in 3D 37x132,90700,44000,23000,0,1000,1,1,1,1,1,1,1,1,1,1,1,1,1,2,0,0,0,0,0,0,0,,1
1592,Tổ đường (50) ốc N,90700,160000,23000,0,1000,1,1,1,1,1,1,1,1,1,1,1,1,1,2,0,0,0,0,0,0,0,,1
1593,Kiếng in 3D 38 x127,87700,0,0,0,0,1,1,1,1,1,1,1,1,1,1,1,1,1,0,0,0,0,0,0,0,0,,1
1594,Kiếng in 3D 38x132,90700,45500,23000,0,1000,1,1,1,1,1,1,1,1,1,1,1,1,1,2,0,0,0,0,0,0,0,,1
1595,Tổ đường (60) ốc N,90700,23000,23000,0,1000,1,1,1,1,1,1,1,1,1,1,1,1,1,2,0,0,0,0,0,0,0,,1
1596,Kiếng in 3D 39x132,90700,46500,23000,0,1000,1,1,1,1,1,1,1,1,1,1,1,1,1,2,0,0,0,0,0,0,0,,1
1597,Thổ thần (23) ốc Nn,90700,39000,23000,0,1000,1,1,1,1,1,1,1,1,1,1,1,1,1,2,0,0,0,0,0,0,0,,1
1598,Kiếng in 3D 40x129,90700,46500,23000,0,1000,1,1,1,1,1,1,1,1,1,1,1,1,1,2,0,0,0,0,0,0,0,,1
1599,Kiếng in 3D 40x129.5,90700,47000,23000,0,1000,1,1,1,1,1,1,1,1,1,1,1,1,1,2,0,0,0,0,0,0,0,,1
1600,Kiếng in 3D 40x132,90700,48000,23000,0,1000,1,1,1,1,1,1,1,1,1,1,1,1,1,2,0,0,0,0,0,0,0,,1
1601,Kiếng in 3D 41 x129.5,87700,0,0,0,0,1,1,1,1,1,1,1,1,1,1,1,1,1,0,0,0,0,0,0,0,0,,1
1602,"Kiếng in 3D 415, x127",87700,0,0,0,0,1,1,1,1,1,1,1,1,1,1,1,1,1,0,0,0,0,0,0,0,0,,1
1603,Kiếng in 3D 41x79,87700,0,0,0,0,1,1,1,1,1,1,1,1,1,1,1,1,1,0,0,0,0,0,0,0,0,,1
1604,Kiếng in 3D 42.5x132,90700,51000,23000,0,1000,1,1,1,1,1,1,1,1,1,1,1,1,1,2,0,0,0,0,0,0,0,,1
1605,Kiếng in 3D 42.5x132 02,90700,51000,23000,0,1000,1,1,1,1,1,1,1,1,1,1,1,1,1,2,0,0,0,0,0,0,0,,1
1606,Kiếng in 3D 43.5x132,87700,0,0,0,0,1,1,1,1,1,1,1,1,1,1,1,1,1,0,0,0,0,0,0,0,0,,1
1607,Kiếng in 3D 35x129.5,90700,41000,23000,0,1000,1,1,1,1,1,1,1,1,1,1,1,1,1,2,0,0,0,0,0,0,0,,1
1608,Kiếng in 3D 46.5x129,90700,54000,23000,0,1000,1,1,1,1,1,1,1,1,1,1,1,1,1,2,0,0,0,0,0,0,0,,1
1609,Kiếng in 3D 46.5x129.5,90700,55000,23000,0,1000,1,1,1,1,1,1,1,1,1,1,1,1,1,2,0,0,0,0,0,0,0,,1
1610,Kiếng in 3D 48 x127,87700,0,0,0,0,1,1,1,1,1,1,1,1,1,1,1,1,1,0,0,0,0,0,0,0,0,,1
1611,Kiếng in 3D 48 x129.5,90700,56000,23000,0,1000,1,1,1,1,1,1,1,1,1,1,1,1,1,2,0,0,0,0,0,0,0,,1
1612,Kiếng in 3D 49.5x129.5,90700,58000,23000,0,1000,1,1,1,1,1,1,1,1,1,1,1,1,1,2,0,0,0,0,0,0,0,,1
1613,Thổ thần (25) kt Nn,90700,37000,23000,0,1000,1,1,1,1,1,1,1,1,1,1,1,1,1,2,0,0,0,0,0,0,0,,1
1614,Kiếng in 3D 50x129,90700,58500,23000,0,1000,1,1,1,1,1,1,1,1,1,1,1,1,1,2,0,0,0,0,0,0,0,,1
1615,Kiếng in 3D 50 x129.5,90700,59000,23000,0,1000,1,1,1,1,1,1,1,1,1,1,1,1,1,2,0,0,0,0,0,0,0,,1
1616,Thổ thần (25) ốc Nn,90700,44000,23000,0,1000,1,1,1,1,1,1,1,1,1,1,1,1,1,2,0,0,0,0,0,0,0,,1
1617,Thổ thần (30) kt Nn,90700,45000,23000,0,1000,1,1,1,1,1,1,1,1,1,1,1,1,1,2,0,0,0,0,0,0,0,,1
1618,Thổ thần (30) ốc Nn,90700,54000,23000,0,1000,1,1,1,1,1,1,1,1,1,1,1,1,1,2,0,0,0,0,0,0,0,,1
1619,Thổ thần (30) kt N,90700,57000,23000,0,1000,1,1,1,1,1,1,1,1,1,1,1,1,1,2,0,0,0,0,0,0,0,,1
1620,Cẩn ốc TL,90700,40000,23000,0,1000,1,1,1,1,1,1,1,1,1,1,1,1,1,2,0,0,0,0,0,0,0,,1
1621,Cẩn ốc TL 3D,87700,0,0,0,0,1,1,1,1,1,1,1,1,1,1,1,1,1,0,0,0,0,0,0,0,0,,1
1622,Cẩn ốc TQ 20,87700,0,0,0,0,1,1,1,1,1,1,1,1,1,1,1,1,1,0,0,0,0,0,0,0,0,,1
1623,Cẩn ốc trám 20,87700,0,0,0,0,1,1,1,1,1,1,1,1,1,1,1,1,1,0,0,0,0,0,0,0,0,,1
1624,Tổ sư chữ (18) ốc Nn,90700,29000,23000,0,1000,1,1,1,1,1,1,1,1,1,1,1,1,1,2,0,0,0,0,0,0,0,,1
1625,Tổ sư chữ (18) kt Nn,90700,23500,23000,0,1000,1,1,1,1,1,1,1,1,1,1,1,1,1,2,0,0,0,0,0,0,0,,1
1626,Mai ốc (4x8) NV,90700,145000,23000,0,1000,1,1,1,1,1,1,1,1,1,1,1,1,1,2,0,0,0,0,0,0,0,,1
1627,Mai ốc (43) NV,90700,180000,23000,0,1000,1,1,1,1,1,1,1,1,1,1,1,1,1,2,0,0,0,0,0,0,0,,1
1628,Mai ốc (43) NĐ,90700,180000,23000,0,1000,1,1,1,1,1,1,1,1,1,1,1,1,1,2,0,0,0,0,0,0,0,,1
1629,Mai ốc (43) ĐL,90700,210000,23000,0,1000,1,1,1,1,1,1,1,1,1,1,1,1,1,2,0,0,0,0,0,0,0,,1
1630,Ngựa ốc (43) NV,90700,180000,23000,0,1000,1,1,1,1,1,1,1,1,1,1,1,1,1,2,0,0,0,0,0,0,0,,1
1631,Ngựa ốc (43) NĐ,90700,180000,23000,0,1000,1,1,1,1,1,1,1,1,1,1,1,1,1,2,0,0,0,0,0,0,0,,1
1632,Ngựa ốc (43) ĐL,90700,210000,23000,0,1000,1,1,1,1,1,1,1,1,1,1,1,1,1,2,0,0,0,0,0,0,0,,1
1633,Buồm ốc (43) NV,90700,180000,23000,0,1000,1,1,1,1,1,1,1,1,1,1,1,1,1,2,0,0,0,0,0,0,0,,1
1634,Buồm ốc (43) NĐ,90700,180000,23000,0,1000,1,1,1,1,1,1,1,1,1,1,1,1,1,2,0,0,0,0,0,0,0,,1
1635,Buồm ốc (43) ĐL,90700,210000,23000,0,1000,1,1,1,1,1,1,1,1,1,1,1,1,1,2,0,0,0,0,0,0,0,,1
1636,Mai ốc (5x12) NV,90700,260000,23000,0,1000,1,1,1,1,1,1,1,1,1,1,1,1,1,2,0,0,0,0,0,0,0,,1
1637,Mai ốc (4x8) NĐ,90700,145000,23000,0,1000,1,1,1,1,1,1,1,1,1,1,1,1,1,2,0,0,0,0,0,0,0,,1
1638,Mai ốc (5x12) NĐ,90700,260000,23000,0,1000,1,1,1,1,1,1,1,1,1,1,1,1,1,2,0,0,0,0,0,0,0,,1
1639,Mai ốc (5x12) ĐL,90700,280000,23000,0,1000,1,1,1,1,1,1,1,1,1,1,1,1,1,2,0,0,0,0,0,0,0,,1
1640,Ngựa ốc (5x12) NV,90700,260000,23000,0,1000,1,1,1,1,1,1,1,1,1,1,1,1,1,2,0,0,0,0,0,0,0,,1
1641,Ngựa ốc (5x12) NĐ,90700,260000,23000,0,1000,1,1,1,1,1,1,1,1,1,1,1,1,1,2,0,0,0,0,0,0,0,,1
1642,Ngựa ốc (5x12) ĐL,90700,280000,23000,0,1000,1,1,1,1,1,1,1,1,1,1,1,1,1,2,0,0,0,0,0,0,0,,1
1643,Buồm ốc (5x12) NV,90700,260000,23000,0,1000,1,1,1,1,1,1,1,1,1,1,1,1,1,2,0,0,0,0,0,0,0,,1
1644,Buồm ốc (5x12) NĐ,90700,260000,23000,0,1000,1,1,1,1,1,1,1,1,1,1,1,1,1,2,0,0,0,0,0,0,0,,1
1645,Buồm ốc (5x12) ĐL,90700,280000,23000,0,1000,1,1,1,1,1,1,1,1,1,1,1,1,1,2,0,0,0,0,0,0,0,,1
1646,Ph Lộc Thọ ốc NV,90700,160000,23000,0,1000,1,1,1,1,1,1,1,1,1,1,1,1,1,2,0,0,0,0,0,0,0,,1
1647,Mai ốc (4x8) ĐL,90700,170000,23000,0,1000,1,1,1,1,1,1,1,1,1,1,1,1,1,2,0,0,0,0,0,0,0,,1
1648,Ngựa ốc (4x8) NV,90700,145000,23000,0,1000,1,1,1,1,1,1,1,1,1,1,1,1,1,2,0,0,0,0,0,0,0,,1
1649,Ngựa ốc (4x8) NĐ,90700,145000,23000,0,1000,1,1,1,1,1,1,1,1,1,1,1,1,1,2,0,0,0,0,0,0,0,,1
1650,Ngựa ốc (4x8) ĐL,90700,170000,23000,0,1000,1,1,1,1,1,1,1,1,1,1,1,1,1,2,0,0,0,0,0,0,0,,1
1651,Buồm ốc (4x8) NV,90700,145000,23000,0,1000,1,1,1,1,1,1,1,1,1,1,1,1,1,2,0,0,0,0,0,0,0,,1
1652,Buồm ốc (4x8) NĐ,90700,145000,23000,0,1000,1,1,1,1,1,1,1,1,1,1,1,1,1,2,0,0,0,0,0,0,0,,1
1653,Buồm ốc (4x8) ĐL,90700,170000,23000,0,1000,1,1,1,1,1,1,1,1,1,1,1,1,1,2,0,0,0,0,0,0,0,,1
1654,Testing adding,39000,25000,25000,0,20000,1,1,1,0,0,0,0,0,0,0,0,0,0,0,0,0,0,0,0,0,0,,0
1655,Testing 123,77000,77000,77000,0,50000,1,1,2,0,0,0,0,0,0,0,0,0,0,0,0,0,0,0,0,0,0,,0